hospitalName,normalizedHospitalName,masterDeptRows,specialties,departments,providerGuess,knownAdapter,knownStartingUrls,currentReadiness,crawlReadiness,mappingReadiness,outputUsability,recommendedNextAction,deferReason,wave,directStaffUrlCount,departmentUrlCount,pendingUrlCount
"ביה""ח הדסה עין כרם",ביהח הדסה עין כרם,30,27,30,hadassah,hadassah,https://he.hadassah.org.il/medicine-specialization/internship-programs/ | https://he.hadassah.org.il/doctor-search/ | https://he.hadassah.org.il/medicine-specialization/imaging-medicine/ | https://he.hadassah.org.il/medicine-specialization/vascular-surgery-ek/ | https://he.hadassah.org.il/medicine-specialization/dermatology/ | https://he.hadassah.org.il/children/peds-surgery-enkarem/ | https://he.hadassah.org.il/medicine-specialization/specialization-in-nuclear-medicine/ | https://he.hadassah.org.il/internal/geriatrics-enkarem/,safeForFullBatch,safeForFullBatch,blocked,notUsableYet,runFullIfSafe,,1,0,6,6
מרכז רפואי מאיר,מרכז רפואי מאיר,24,20,24,clalit,meir,https://hospitals.clalit.co.il/meir/he/med/Pages/default.aspx | https://hospitals.clalit.co.il/meir/he/med/intensive/Pages/default.aspx | https://hospitals.clalit.co.il/meir/he/med/int/Pages/a.aspx | https://hospitals.clalit.co.il/meir/he/med/int/Pages/b.aspx | https://hospitals.clalit.co.il/meir/he/med/int/Pages/c.aspx | https://hospitals.clalit.co.il/meir/he/med/int/Pages/d.aspx | https://hospitals.clalit.co.il/meir/he/med/int/Pages/e.aspx | https://hospitals.clalit.co.il/meir/he/med/orto/Pages/default.aspx | https://hospitals.clalit.co.il/meir/he/med/childs/Pages/hosp.aspx | https://hospitals.clalit.co.il/meir/he/med/surgery/Pages/%D7%94%D7%9E%D7%A2%D7%A8%D7%9A-%D7%94%D7%9B%D7%99%D7%A8%D7%95%D7%A8%D7%92%D7%99.aspx | https://hospitals.clalit.co.il/meir/he/med/eyes/Pages/hosp.aspx | https://hospitals.clalit.co.il/meir/he/med/heart/Pages/hosp.aspx,safeForFullBatch,safeForFullBatch,blocked,notUsableYet,runFullIfSafe,,1,0,24,24
"מרכז רפואי ת""א סוראסקי",מרכז רפואי תא סוראסקי,24,24,24,ichilov,ichilov,https://www.tasmc.org.il/medical-services/ | https://www.tasmc.org.il/doctorssearch/,safeForFullBatch,safeForFullBatch,blocked,notUsableYet,runFullIfSafe,,1,0,0,0
"ביה""ח הדסה הר הצופים",ביהח הדסה הר הצופים,13,13,13,hadassah,hadassah,https://he.hadassah.org.il/medicine-specialization/internship-programs/ | https://he.hadassah.org.il/doctor-search/ | https://he.hadassah.org.il/children/peds-ht/ | https://he.hadassah.org.il/medicine-specialization/specialization-in-internal-medicinems/ | https://he.hadassah.org.il/medicine-specialization/physical-medicine-rehabilitation/ | https://he.hadassah.org.il/medicine-specialization/specialization-in-obstetrics-and-gynecology/ | https://he.hadassah.org.il/medicine-specialization/ms-emergency-medicine/ | https://he.hadassah.org.il/medicine-specialization/general-surgery-ms/ | https://he.hadassah.org.il/medicine-specialization/ophthalmology/ | https://he.hadassah.org.il/medicine-specialization/orthopedics/ | https://he.hadassah.org.il/anesthesia/department-anesthesia/ | https://he.hadassah.org.il/medicine-specialization/imaging-medicine/,safeForFullBatch,safeForFullBatch,blocked,notUsableYet,runFullIfSafe,,1,0,10,10
מרכז רפואי העמק,מרכז רפואי העמק,27,21,27,clalit,emek,https://hospitals.clalit.co.il/emek/he/departmentsandclinics/Pages/default.aspx | https://hospitals.clalit.co.il/emek/he/info/emek_doctors/Pages/alon_reshef.aspx | https://hospitals.clalit.co.il/emek/he/departmentsandclinics/surgery/Pages/rehabilitation_unit.aspx | https://hospitals.clalit.co.il/emek/he/departmentsandclinics/internal_departments/Pages/skin.aspx | https://hospitals.clalit.co.il/emek/he/departmentsandclinics/internal_departments/Pages/internal_department_a.aspx | https://hospitals.clalit.co.il/emek/he/departmentsandclinics/internal_departments/Pages/internal_department_b.aspx | https://hospitals.clalit.co.il/emek/he/departmentsandclinics/internal_departments/Pages/internal_department_c.aspx | https://hospitals.clalit.co.il/emek/he/departmentsandclinics/internal_departments/Pages/internal_department_d.aspx | https://hospitals.clalit.co.il/emek/he/departmentsandclinics/internal_departments/Pages/internal_department_f.aspx | https://hospitals.clalit.co.il/emek/he/departmentsandclinics/institutes/Pages/xray.aspx | https://hospitals.clalit.co.il/emek/he/departmentsandclinics/pediatric/Pages/pediatrics_department_a.aspx | https://hospitals.clalit.co.il/emek/he/departmentsandclinics/pediatric/Pages/pediatrix_department_b.aspx,safeForPilot,pilotReady,blocked,notUsableYet,runPilot,,2,1,26,27
מרכז רפואי כרמל,מרכז רפואי כרמל,25,22,25,clalit,carmel,https://hospitals.clalit.co.il/carmel/he/med_units/Pages/default.aspx | https://hospitals.clalit.co.il/carmel/he/Departments-and-Outpatient-Clinics-main/Clinical-departments-and-clinics/Eyes/Pages/Eyes-dep.aspx | https://hospitals.clalit.co.il/carmel/he/Our-doctors-and-experts/Pages/eitan_mangoubi.aspx | https://hospitals.clalit.co.il/carmel/he/Departments-and-Outpatient-Clinics-main/Clinical-departments-and-clinics/EarNoseThroatSurgery/Pages/Otolaryngology.aspx | https://hospitals.clalit.co.il/carmel/he/Departments-and-Outpatient-Clinics-main/Clinical-departments-and-clinics/children/Pages/childrens-dep.aspx | https://hospitals.clalit.co.il/carmel/he/Departments-and-Outpatient-Clinics-main/Clinical-departments-and-clinics/Internal-medicine/Pages/InternalMedicineA.aspx | https://hospitals.clalit.co.il/carmel/he/Departments-and-Outpatient-Clinics-main/Clinical-departments-and-clinics/Internal-medicine/Pages/InternalMedicineB.aspx | https://hospitals.clalit.co.il/carmel/he/Departments-and-Outpatient-Clinics-main/Clinical-departments-and-clinics/Internal-medicine/Pages/InternalMedicineC.aspx | https://hospitals.clalit.co.il/carmel/he/Departments-and-Outpatient-Clinics-main/Clinical-departments-and-clinics/Cardiology/Pages/Cardiology-Hospitalization-Department.aspx | https://hospitals.clalit.co.il/carmel/he/Departments-and-Outpatient-Clinics-main/Clinical-departments-and-clinics/Surgical-world/Pages/SurgicalA.aspx | https://hospitals.clalit.co.il/carmel/he/Departments-and-Outpatient-Clinics-main/Clinical-departments-and-clinics/Surgical-world/Pages/SurgicalB.aspx | https://hospitals.clalit.co.il/carmel/he/Departments-and-Outpatient-Clinics-main/Clinical-departments-and-clinics/Pages/Plastic-Surgery.aspx,safeForPilot,pilotReady,blocked,notUsableYet,runPilot,,2,1,21,22
מרכז רפואי סורוקה,מרכז רפואי סורוקה,34,24,34,clalit,soroka,https://hospitals.clalit.co.il/soroka/he/med-units/Pages/default.aspx | https://hospitals.clalit.co.il/soroka/he/our-specialists/Pages/default.aspx | https://hospitals.clalit.co.il/soroka/he/med-units/psychiatry/Pages/psyc-ped.aspx | https://hospitals.clalit.co.il/soroka/he/med-units/surgery-division/pages/urology.aspx | https://hospitals.clalit.co.il/soroka/he/med-units/Pages/isotop-pet-ct.aspx,safeForPilot,pilotReady,blocked,notUsableYet,runPilot,,2,0,3,3
מרכז רפואי קפלן,מרכז רפואי קפלן,25,22,25,clalit,kaplan,https://hospitals.clalit.co.il/kaplan/he/med_units/Pages/default.aspx | https://hospitals.clalit.co.il/kaplan/he/med_units/Pages/er-emergencyroom.aspx | https://hospitals.clalit.co.il/kaplan/he/med_units/children/Pages/default.aspx | https://hospitals.clalit.co.il/kaplan/he/med_units/eyes/Pages/default.aspx | https://hospitals.clalit.co.il/kaplan/he/med_units/cardiology/Pages/loby-kart.aspx | https://hospitals.clalit.co.il/kaplan/he/med_units/surgery/Pages/plastic_surgery.aspx | https://hospitals.clalit.co.il/kaplan/he/med_units/internal_a/Pages/internal_a_unit.aspx | https://hospitals.clalit.co.il/kaplan/he/med_units/internal_b/Pages/internal_b_unit.aspx | https://hospitals.clalit.co.il/kaplan/he/med_units/internal_c/Pages/internal_c_unit.aspx | https://hospitals.clalit.co.il/kaplan/he/med_units/internal_d/Pages/internal_d_unit.aspx | https://hospitals.clalit.co.il/kaplan/he/med_units/x_ray/Pages/default.aspx | https://hospitals.clalit.co.il/kaplan/he/med_units/women_maternity/Pages/lobby.aspx,safeForPilot,pilotReady,blocked,notUsableYet,runPilot,,2,0,22,22
"ביה""ח בילינסון מרכז רפואי רבין",ביהח בילינסון מרכז רפואי רבין,24,24,24,clalit,rabin,https://hospitals.clalit.co.il/rabin/he/departments-and-clinics/Pages/default.aspx,safeForPilot,pilotReady,blocked,notUsableYet,runPilot,,2,0,0,0
מרכז רפואי רבין,מרכז רפואי רבין,24,24,24,clalit,rabin,https://hospitals.clalit.co.il/rabin/he/departments-and-clinics/Pages/default.aspx | https://hospitals.clalit.co.il/rabin/he/departments-and-clinics/imaging/Pages/imaging_beilinson.aspx | https://hospitals.clalit.co.il/rabin/he/departments-and-clinics/urology/Pages/urology.aspx | https://hospitals.clalit.co.il/rabin/he/departments-and-clinics/ophthalmology/Pages/ophthalmology.aspx | https://hospitals.clalit.co.il/rabin/he/departments-and-clinics/pathology/Pages/pathology.aspx,safeForPilot,pilotReady,blocked,notUsableYet,runPilot,,2,0,4,4
"ביה""ח השרון מרכז רפואי רבין",ביהח השרון מרכז רפואי רבין,12,8,12,clalit,rabin,https://hospitals.clalit.co.il/rabin/he/departments-and-clinics/Pages/default.aspx | https://hospitals.clalit.co.il/rabin/he/departments-and-clinics/orthopedics/Pages/orthopedic_department_hasharon.aspx | https://hospitals.clalit.co.il/rabin/he/departments-and-clinics/anesthesiology-introduction/Pages/anesthesiology_hasharon.aspx | https://hospitals.clalit.co.il/rabin/he/departments-and-clinics/emergency-medicine/Pages/emergency_medicine_department_hasharon.aspx | https://hospitals.clalit.co.il/rabin/he/departments-and-clinics/medicine/Pages/internal_b_dept_hasharon.aspx | https://hospitals.clalit.co.il/rabin/he/departments-and-clinics/medicine/Pages/internal_c_dept_hasharon.aspx | https://hospitals.clalit.co.il/rabin/he/departments-and-clinics/medicine/Pages/internal_d_dept_hasharon.aspx | https://hospitals.clalit.co.il/rabin/he/departments-and-clinics/surgery/Pages/surgery_a_dept_hasharon.aspx,safeForPilot,pilotReady,blocked,notUsableYet,runPilot,,2,0,7,7
מרכז שניידר לילדים,מרכז שניידר לילדים,6,3,6,clalit,,https://www.schneider.org.il/?CategoryID=839&ArticleID=2427 | https://www.schneider.org.il/?CategoryID=839&ArticleID=2410&dbsAuthToken= | https://www.schneider.org.il/?CategoryID=839&ArticleID=2424 | https://www.schneider.org.il/?CategoryID=839&ArticleID=2415&dbsAuthToken= | https://www.schneider.org.il/?CategoryID=839&ArticleID=6109&dbsAuthToken= | https://www.schneider.org.il/?CategoryID=839&ArticleID=2431,safeForPilot,pilotReady,blocked,notUsableYet,runPilot,,2,0,6,6
"מרכז לבה""נ גהה",מרכז לבהנ גהה,2,2,2,clalit,,https://hospitals.clalit.co.il/geha/he/stud/Pages/psychiatry.aspx,safeForPilot,pilotReady,blocked,notUsableYet,runPilot,,2,0,2,2
"מרכז לבה""נ שלוותה",מרכז לבהנ שלוותה,2,2,2,clalit,,https://hospitals.clalit.co.il/shalvata/he/residency/Pages/psychiatry_training.aspx,safeForPilot,pilotReady,blocked,notUsableYet,runPilot,,2,0,2,2
"מרכז לבה""נ מעלה הכרמל",מרכז לבהנ מעלה הכרמל,2,2,2,clalit,,https://www.tiratcarmel-med.org.il/,safeForPilot,pilotReady,blocked,notUsableYet,runPilot,,2,0,2,2
"ביה""ח יוספטל",ביהח יוספטל,2,2,2,clalit,,,safeForPilot,pilotReady,blocked,notUsableYet,runPilot,,2,0,0,0
שירותי בריאות כללית,שירותי בריאות כללית,1,1,1,clalit,,https://www.clalit.co.il/he/info/career/Pages/family_docs.aspx,safeForPilot,pilotReady,blocked,notUsableYet,runPilot,,2,0,1,1
"מרכז לבה""נ לב השרון",מרכז לבהנ לב השרון,1,1,1,clalit,,https://www.lev-hasharon.co.il/?page_id=853,safeForPilot,pilotReady,blocked,notUsableYet,runPilot,,2,0,1,1
מרכז רפואי וולפסון,מרכז רפואי וולפסון,25,20,25,government,wolfson,https://www.gov.il/he/pages/medical_staff | https://www.gov.il/he/pages/staff_of_the_plastic_surgery_unit | https://www.gov.il/he/pages/surgery-a-chest-surgeries-staff | https://www.gov.il/he/pages/nuclear_medicine_institute_staff | https://www.gov.il/he/departments/units/the-heart-array-wolfson/govil-landing-page | https://www.gov.il/he/pages/wolfson_institute_of_pathology | https://www.gov.il/he/pages/vascular-clinic | https://www.gov.il/he/departments/topics/oncology-institute/govil-landing-page,safeForPilot,pilotReady,blocked,notUsableYet,runPilot,,3,4,4,0
"ביה""ח מעיני הישועה",ביהח מעיני הישועה,6,6,6,private,maayanei-hayeshua,https://www.mymc.co.il/children-wing/ | https://www.mymc.co.il/wings/internal-affairs-division/ | https://www.mymc.co.il/main-departments/surgical-department/ | https://www.mymc.co.il/mental-health/ | https://woman.mymc.co.il/ | https://www.mymc.co.il/main-departments/operating-rooms/,safeForPilot,pilotReady,blocked,notUsableYet,runPilot,,3,2,4,0
המרכז הרפואי לגליל,המרכז הרפואי לגליל,29,22,29,government,galilee,https://www.gmc.gov.il/?department=%d7%90%d7%92%d7%a3-%d7%a0%d7%a9%d7%99%d7%9d-%d7%95%d7%99%d7%95%d7%9c%d7%93%d7%95%d7%aa | https://www.gmc.gov.il/?p=10533 | https://www.gmc.gov.il/?p=8838 | https://www.gmc.gov.il/?p=10501 | https://www.gmc.gov.il/?p=8742 | https://www.gmc.gov.il/?p=10561 | https://www.gmc.gov.il/?p=10659 | https://www.gmc.gov.il/?p=10688 | https://www.gmc.gov.il/?p=10697 | https://www.gmc.gov.il/?p=10702 | https://www.gmc.gov.il/?p=8899 | https://www.gmc.gov.il/?department=%D7%90%D7%92%D7%A3-%D7%9E%D7%99%D7%95%D7%9F,safeForPilot,pilotReady,blocked,notUsableYet,runPilot,,3,0,28,0
מרכז רפואי יצחק שמיר,מרכז רפואי יצחק שמיר,27,20,27,government,shamir,https://www.shamir.org/clinics/orthopedics/ortopedicdepartment/ | https://www.shamir.org/clinics/pediatrics/ | https://www.shamir.org/clinics/%D7%97%D7%98%D7%99%D7%91%D7%94-%D7%A4%D7%A0%D7%99%D7%9E%D7%99%D7%AA/%D7%A4%D7%A0%D7%99%D7%9E%D7%99%D7%AA-%D7%90-%D7%9E%D7%97%D7%9C%D7%A7%D7%94/ | https://www.shamir.org/clinics/gynecology/ | https://www.shamir.org/clinics/labs/cytologyandpathology/ | https://www.shamir.org/clinics/orthopedics/ortopedicdepartmentb/ | https://www.shamir.org/clinics/%D7%97%D7%98%D7%99%D7%91%D7%94-%D7%A4%D7%A0%D7%99%D7%9E%D7%99%D7%AA/%D7%A4%D7%A0%D7%99%D7%9E%D7%99%D7%AA-%D7%91-%D7%9E%D7%97%D7%9C%D7%A7%D7%94/ | https://www.shamir.org/clinics/%D7%97%D7%98%D7%99%D7%91%D7%94-%D7%A4%D7%A0%D7%99%D7%9E%D7%99%D7%AA/%D7%A4%D7%A0%D7%99%D7%9E%D7%99%D7%AA-%D7%92-%D7%9E%D7%97%D7%9C%D7%A7%D7%94/ | https://www.shamir.org/clinics/%D7%97%D7%98%D7%99%D7%91%D7%94-%D7%A4%D7%A0%D7%99%D7%9E%D7%99%D7%AA/%D7%A4%D7%A0%D7%99%D7%9E%D7%99%D7%AA-%D7%93-%D7%9E%D7%97%D7%9C%D7%A7%D7%94/ | https://www.shamir.org/clinics/%D7%97%D7%98%D7%99%D7%91%D7%94-%D7%A4%D7%A0%D7%99%D7%9E%D7%99%D7%AA/%D7%A4%D7%A0%D7%99%D7%9E%D7%99%D7%AA-%D7%94-%D7%9E%D7%97%D7%9C%D7%A7%D7%94/ | https://www.shamir.org/clinics/%D7%97%D7%98%D7%99%D7%91%D7%94-%D7%A4%D7%A0%D7%99%D7%9E%D7%99%D7%AA/%D7%A4%D7%A0%D7%99%D7%9E%D7%99%D7%AA-%D7%95-%D7%9E%D7%97%D7%9C%D7%A7%D7%94/ | https://www.shamir.org/clinics/malrad-%D7%A8%D7%A4%D7%95%D7%90%D7%94-%D7%93%D7%97%D7%95%D7%A4%D7%94-%D7%9E%D7%99%D7%95%D7%9F-%D7%97%D7%93%D7%A8%D7%99-%D7%9E%D7%99%D7%95%D7%9F-%D7%9E%D7%9C%D7%A8%D7%93-%D7%97%D7%93%D7%A8-%D7%9E%D7%99%D7%95%D7%9F/,safeForPilot,pilotReady,blocked,notUsableYet,runPilot,,3,0,26,0
מרכז רפואי שערי צדק,מרכז רפואי שערי צדק,27,24,27,unknown,,,pending,needsAdapter,blocked,notUsableYet,runPlan,,3,0,0,0
מרכז רפואי ברזילי,מרכז רפואי ברזילי,25,21,25,government,,https://www.barzilaimc.org.il/?CategoryID=241&ArticleID=304 | https://www.barzilaimc.org.il/?CategoryID=241&ArticleID=440 | https://www.barzilaimc.org.il/?CategoryID=240&ArticleID=3825 | https://www.barzilaimc.org.il/?CategoryID=878&ArticleID=4195 | https://www.barzilaimc.org.il/?CategoryID=240&ArticleID=4871 | https://www.barzilaimc.org.il/?CategoryID=241&ArticleID=313 | https://www.barzilaimc.org.il/?CategoryID=241&ArticleID=2791,needsAdapter,needsAdapter,blocked,notUsableYet,needsAdapter,,3,0,7,7
"מרכז רפואי רמב""ם",מרכז רפואי רמבם,24,24,24,unknown,,,pending,needsAdapter,blocked,notUsableYet,runPlan,,3,0,0,0
מרכז רפואי בני ציון,מרכז רפואי בני ציון,21,20,21,government,,https://www.gov.il/he//departments/Units/emergency_medicine | https://www.gov.il/he//departments/Units/kids_department | https://www.gov.il/he//departments/Units/department_of_neurology | https://www.gov.il/he//departments/Units/womens_department | https://www.gov.il/he//departments/Units/rehabilitation_department | https://www.gov.il/he//departments/Units/department_of_anesthesia | https://www.gov.il/he//departments/Units/department_of_surgery | https://www.gov.il/he//departments/Units/bz_cardiology | https://www.gov.il/he//departments/Units/eyes | https://www.gov.il/he//departments/Units/department_of_orthopedics | https://www.gov.il/he//departments/Units/unitb-ney-zion | https://www.gov.il/he//departments/Units/pnimit_a,needsAdapter,needsAdapter,blocked,notUsableYet,needsAdapter,,3,0,20,20
"ביה""ח זיו - צפת",ביהח זיו צפת,20,19,20,government,,https://www.gov.il/he/departments/PublicBodies/kisd | https://www.gov.il/he/pages/adult_psychiatric_ziv | https://www.gov.il/he/departments/units/pregnancy-and-childbirth/govil-landing-page | https://www.gov.il/he/departments/PublicBodies/1internal_medicine_division | https://www.gov.il/he/departments/PublicBodies/internal_department_b | https://www.gov.il/he/pages/children_and_youth_mental_health_center | https://www.gov.il/he/departments/PublicBodies/anesthesia | https://www.gov.il/he/departments/PublicBodies/orthopedic_department | https://www.gov.il/he/departments/PublicBodies/neurology_dep | https://www.gov.il/he/departments/PublicBodies/cardiology | https://www.gov.il/he/departments/PublicBodies/throat_neck_head_surgery | https://www.gov.il/he/departments/PublicBodies/surgical_ward,needsAdapter,needsAdapter,blocked,notUsableYet,needsAdapter,,3,0,16,16
מרכז רפואי הלל יפה,מרכז רפואי הלל יפה,19,16,19,government,,https://hymc.org.il/nashim | https://hymc.org.il/?CategoryID=204 | https://hymc.org.il/?CategoryID=223 | https://hymc.org.il/?CategoryID=205 | https://hymc.org.il/?CategoryID=208 | https://hymc.org.il/?CategoryID=614&ArticleID=1507 | https://hymc.org.il/?CategoryID=236 | https://hymc.org.il/?CategoryID=289 | https://hymc.org.il/?CategoryID=231,needsAdapter,needsAdapter,blocked,notUsableYet,needsAdapter,,3,0,9,9
"בי""ח אסותא אשדוד",ביח אסותא אשדוד,18,17,18,private,,https://www.assutaashdod.co.il/?catid=%7B2DB90760-19F3-4413-BC58-756C41059817%7D | https://www.assutaashdod.co.il/?catid=%7BBBE0857F-8BBB-4E0F-9BDB-48E97C9944C9%7D | https://www.assutaashdod.co.il/?catid=%7B8EE51910-A8FB-4815-91BF-0987D50FD28A%7D | https://www.assutaashdod.co.il/?catid=%7B02CF0154-82DF-4A6E-839B-3AC51F780B33%7D,needsAdapter,needsAdapter,blocked,notUsableYet,needsAdapter,,3,0,4,4
מרכז רפואי ברוך פדה פוריה,מרכז רפואי ברוך פדה פוריה,16,15,16,government,,https://www.poria.org.il/?CategoryID=2081&ArticleID=5 | https://www.poria.org.il/?CategoryID=2081&ArticleID=11 | https://www.poria.org.il/?CategoryID=2081&ArticleID=10 | https://www.poria.org.il/?CategoryID=2081&ArticleID=6 | https://www.poria.org.il/?CategoryID=2081&ArticleID=8 | https://www.poria.org.il/?CategoryID=2081&ArticleID=7 | https://www.poria.org.il/?CategoryID=2081&ArticleID=16 | https://www.poria.org.il/?CategoryID=2081&ArticleID=15 | https://www.poria.org.il/?CategoryID=2081&ArticleID=83 | https://www.poria.org.il/?CategoryID=2081&ArticleID=13 | https://www.poria.org.il/?CategoryID=2082&ArticleID=1 | https://www.poria.org.il/?CategoryID=2082&ArticleID=2,needsAdapter,needsAdapter,blocked,notUsableYet,needsAdapter,,3,0,13,13
"ביה""ח לניאדו",ביהח לניאדו,11,10,11,private,laniado,https://www.laniado.org.il/mahlakot/%d7%99%d7%9c%d7%93%d7%99%d7%9d/ | https://www.laniado.org.il/mahlakot/%d7%90%d7%95%d7%a8%d7%98%d7%95%d7%a4%d7%93%d7%99%d7%94/ | https://www.laniado.org.il/mahlakot/%d7%a4%d7%a0%d7%99%d7%9e%d7%99%d7%aa-%d7%90/ | https://www.laniado.org.il/mahlakot/%d7%90%d7%92%d7%a3-%d7%a0%d7%a9%d7%99%d7%9d-%d7%95%d7%99%d7%95%d7%9c%d7%93%d7%95%d7%aa/ | https://www.laniado.org.il/mahlakot/%d7%9b%d7%99%d7%a8%d7%95%d7%a8%d7%92%d7%99%d7%94/ | https://www.laniado.org.il/mahlakot/%d7%a4%d7%a0%d7%99%d7%9e%d7%99%d7%aa-%d7%92/ | https://www.laniado.org.il/mahlakot/%D7%97%D7%93%D7%A8%D7%99-%D7%A0%D7%99%D7%AA%D7%95%D7%97/ | https://www.laniado.org.il/mahlakot/%d7%9e%d7%9b%d7%95%d7%9f-%d7%93%d7%99%d7%9e%d7%95%d7%aa/ | https://www.laniado.org.il/mahlakot/%d7%90%d7%92%d7%a3-%d7%92%d7%a8%d7%99%d7%90%d7%98%d7%a8%d7%99/ | https://www.laniado.org.il/mahlakot/%d7%9e%d7%9c%d7%a8%d7%93-%d7%9e%d7%a8%d7%9b%d7%96-%d7%9c%d7%a8%d7%a4%d7%95%d7%90%d7%94-%d7%93%d7%97%d7%95%d7%a4%d7%94/ | https://www.laniado.org.il/mahlakot/%d7%9e%d7%a2%d7%a8%d7%9a-%d7%94%d7%9c%d7%91/,safeForPilot,pilotReady,blocked,notUsableYet,runPilot,,3,0,11,0
"ביה""ח אי.מ.מ.ס הסקוטי",ביהח אי.מ.מ.ס הסקוטי,10,10,10,unknown,,https://nazhosp.com/department/%d8%a7%d9%84%d9%86%d8%b3%d8%a7%d8%a1-%d9%88%d8%a7%d9%84%d8%aa%d9%88%d9%84%d9%8a%d8%af/?lang=he | https://nazhosp.com/department/%d9%82%d8%b3%d9%85-%d8%ac%d8%b1%d8%a7%d8%ad%d8%a9-%d8%a7%d9%84%d8%b9%d8%b8%d8%a7%d9%85/?lang=he | https://nazhosp.com/department/%d9%82%d8%b3%d9%85-%d8%a7%d9%84%d9%85%d8%b3%d8%a7%d9%84%d9%83-%d8%a7%d9%84%d8%a8%d9%88%d9%84%d9%8a%d8%a9/?lang=he | https://nazhosp.com/department/%d8%a7%d9%84%d8%a7%d9%85%d8%b1%d8%a7%d8%b6-%d8%a7%d9%84%d8%af%d8%a7%d8%ae%d9%84%d9%8a%d8%a9/?lang=he | https://nazhosp.com/department/%d9%82%d8%b3%d9%85-%d8%a7%d9%84%d8%b7%d9%88%d8%a7%d8%b1%d8%a6/?lang=he | https://nazhosp.com/department/%d8%a7%d9%84%d8%ac%d8%b1%d8%a7%d8%ad%d8%a9-%d8%a7%d9%84%d8%b9%d8%a7%d9%85%d8%a9/?lang=he | https://nazhosp.com/department/%d9%88%d8%ad%d8%af%d8%a9-%d8%a7%d9%84%d8%aa%d8%ae%d8%af%d9%8a%d8%b1/?lang=he | https://nazhosp.com/department/%d7%9e%d7%97%d7%9c%d7%a7%d7%aa-%d7%a8%d7%93%d7%99%d7%95%d7%9c%d7%95%d7%92%d7%99%d7%94/?lang=he,pending,needsAdapter,blocked,notUsableYet,runPlan,,3,0,8,8
"ביה""ח המשפחה הקדושה",ביהח המשפחה הקדושה,6,6,6,unknown,,https://hfhosp.org/he/%D7%9E%D7%97%D7%9C%D7%A7%D7%95%D7%AA/%D7%90%D7%92%D7%A3-%D7%A0%D7%A9%D7%99%D7%9D-%D7%95%D7%99%D7%95%D7%9C%D7%93%D7%95%D7%AA | https://hfhosp.org/he/%D7%9E%D7%97%D7%9C%D7%A7%D7%95%D7%AA/%D7%90%D7%95%D7%A8%D7%AA%D7%95%D7%A4%D7%93%D7%99%D7%94 | https://hfhosp.org/he/%D7%9E%D7%9B%D7%95%D7%A0%D7%99%D7%9D/%D7%A8%D7%A0%D7%98%D7%92%D7%9F-ct-us-%D7%A6%D7%A4%D7%99%D7%A4%D7%95%D7%AA-%D7%94%D7%A2%D7%A6%D7%9D | https://hfhosp.org/he/%D7%9E%D7%97%D7%9C%D7%A7%D7%95%D7%AA/%D7%9E%D7%A2%D7%A8%D7%9A-%D7%9C%D7%9B%D7%99%D7%A8%D7%95%D7%A8%D7%92%D7%99%D7%94-%D7%9B%D7%9C%D7%9C%D7%99%D7%AA | https://hfhosp.org/he/%D7%90%D7%92%D7%A3-%D7%92%D7%A8%D7%99%D7%90%D7%98%D7%A8%D7%99 | https://hfhosp.org/he/%D7%9E%D7%97%D7%9C%D7%A7%D7%95%D7%AA/%D7%9E%D7%97%D7%9C%D7%A7%D7%94-%D7%A4%D7%A0%D7%99%D7%9E%D7%99%D7%AA,pending,needsAdapter,blocked,notUsableYet,runPlan,,3,0,6,6
"ביה""ח הצרפתי",ביהח הצרפתי,4,4,4,unknown,,https://saint-vincent-hospital.org/%d7%9e%d7%97%d7%9c%d7%a7%d7%aa-%d7%99%d7%9c%d7%93%d7%99%d7%9d/ | https://saint-vincent-hospital.org/%d7%9e%d7%97%d7%9c%d7%a7%d7%aa-%d7%a0%d7%a9%d7%99%d7%9d-%d7%95%d7%99%d7%95%d7%9c%d7%93%d7%95%d7%aa/ | https://saint-vincent-hospital.org/%d7%9e%d7%97%d7%9c%d7%a7%d7%aa-%d7%90%d7%a3-%d7%90%d7%95%d7%96%d7%9f-%d7%92%d7%a8%d7%95%d7%9f/ | https://saint-vincent-hospital.org/%d7%9e%d7%97%d7%9c%d7%a7%d7%aa-%d7%a2%d7%99%d7%a0%d7%99%d7%99%d7%9d/,pending,needsAdapter,blocked,notUsableYet,runPlan,,3,0,4,4
"מרכז לבה""נ באר שבע",מרכז לבהנ באר שבע,2,2,2,unknown,,,pending,needsAdapter,blocked,notUsableYet,runPlan,,3,0,0,0
מרחבים - המרכז הרפואי לטיפול במוח ובנפש באר יעקב נס ציונה,מרחבים המרכז הרפואי לטיפול במוח ובנפש באר יעקב נס ציונה,2,2,2,government,,https://www.gov.il/he/departments/mental-health-center-beer-yaacov-ness-ziona/govil-landing-page,needsAdapter,needsAdapter,blocked,notUsableYet,needsAdapter,,3,0,2,2
"מרכז לבה""נ אברבנאל",מרכז לבהנ אברבנאל,2,2,2,government,,https://www.gov.il/he/departments/mental-health-center-abarbanel/govil-landing-page,needsAdapter,needsAdapter,blocked,notUsableYet,needsAdapter,,3,0,2,2
"מרכז לבה""נ ירושלים (כפר שאול ואיתנים)",מרכז לבהנ ירושלים (כפר שאול ואיתנים),2,2,2,unknown,,http://www.psjer.org.il/?CategoryID=254,pending,needsAdapter,blocked,notUsableYet,runPlan,,3,0,2,2
"מרכז בריאות הנפש רמת חן ע""ש בריל",מרכז בריאות הנפש רמת חן עש בריל,2,2,2,unknown,,,pending,needsAdapter,blocked,notUsableYet,runPlan,,3,0,0,0
אסיא ש.בריאות קהילתיים,אסיא ש.בריאות קהילתיים,1,1,1,unknown,,https://www.assiamd.co.il/about/,pending,needsAdapter,blocked,notUsableYet,runPlan,,3,0,1,1
מכבי שירותי בריאות,מכבי שירותי בריאות,1,1,1,private,,https://www.maccabi4u.co.il/careers/specialization_family/info/family_medicine/,needsAdapter,needsAdapter,blocked,notUsableYet,needsAdapter,,3,0,1,1
"קופ""ח לאומית",קופח לאומית,1,1,1,private,,https://www.leumit.co.il/jobs/family-medicine-residency/family-department/,needsAdapter,needsAdapter,blocked,notUsableYet,needsAdapter,,3,0,1,1
"קופ""ח מאוחדת",קופח מאוחדת,1,1,1,private,,https://www.meuhedet.co.il/%D7%93%D7%A8%D7%95%D7%A9%D7%99%D7%9D/%D7%A7%D7%A8%D7%99%D7%99%D7%A8%D7%94-%D7%91%D7%9E%D7%90%D7%95%D7%97%D7%93%D7%AA/%D7%94%D7%AA%D7%9E%D7%97%D7%95%D7%AA-%D7%91%D7%A8%D7%A4%D7%95%D7%90%D7%AA-%D7%9E%D7%A9%D7%A4%D7%97%D7%94/,needsAdapter,needsAdapter,blocked,notUsableYet,needsAdapter,,3,0,1,1
"מרכז לבה""נ מזור",מרכז לבהנ מזור,1,1,1,government,,https://www.gov.il/he/departments/mazor-health-center/govil-landing-page,needsAdapter,needsAdapter,blocked,notUsableYet,needsAdapter,,3,0,1,1
"מרכז לבה""נ שער מנשה",מרכז לבהנ שער מנשה,1,1,1,unknown,,https://www.shaar-menashe.org/,pending,needsAdapter,blocked,notUsableYet,runPlan,,3,0,1,1
מ.גריאטרי שהם,מ.גריאטרי שהם,1,1,1,unknown,,https://www.shoham-medical.org.il/about-shoham/%d7%94%d7%aa%d7%9e%d7%97%d7%95%d7%aa-%d7%91-%d7%a9%d7%94%d7%9d/,pending,needsAdapter,blocked,notUsableYet,runPlan,,3,0,1,1
מרכז רפואי רעות,מרכז רפואי רעות,1,1,1,unknown,,,pending,needsAdapter,blocked,notUsableYet,runPlan,,3,0,0,0
"ביה""ח הרצוג",ביהח הרצוג,1,1,1,unknown,,,pending,needsAdapter,blocked,notUsableYet,runPlan,,3,0,0,0
מ.גריאטרי פלימן,מ.גריאטרי פלימן,1,1,1,unknown,,,pending,needsAdapter,blocked,notUsableYet,runPlan,,3,0,0,0
מ.גריאטרי בית רבקה,מ.גריאטרי בית רבקה,1,1,1,unknown,,,pending,needsAdapter,blocked,notUsableYet,runPlan,,3,0,0,0
מ.גריאטרי שמואל הרופא,מ.גריאטרי שמואל הרופא,1,1,1,unknown,,,pending,needsAdapter,blocked,notUsableYet,runPlan,,3,0,0,0
מרכז גריאטרי נאות המושבה,מרכז גריאטרי נאות המושבה,1,1,1,unknown,,,pending,needsAdapter,blocked,notUsableYet,runPlan,,3,0,0,0
מ.גריאטרי הרצפלד,מ.גריאטרי הרצפלד,1,1,1,unknown,,,pending,needsAdapter,blocked,notUsableYet,runPlan,,3,0,0,0
בית בלב ראשון לציון,בית בלב ראשון לציון,1,1,1,unknown,,,pending,needsAdapter,blocked,notUsableYet,runPlan,,3,0,0,0
מ.גריאטרי נתניה,מ.גריאטרי נתניה,1,1,1,unknown,,,pending,needsAdapter,blocked,notUsableYet,runPlan,,3,0,0,0
עדי נגב - נחלת עדן,עדי נגב נחלת עדן,1,1,1,unknown,,,pending,needsAdapter,blocked,notUsableYet,runPlan,,3,0,0,0
"ביה""ח לוינשטיין",ביהח לוינשטיין,1,1,1,unknown,,,pending,needsAdapter,blocked,notUsableYet,runPlan,,3,0,0,0
׳0504048312,0504048312,1,1,1,unknown,,,pending,needsAdapter,blocked,notUsableYet,runPlan,,3,0,0,0
מ.לרפואה משפטית,מ.לרפואה משפטית,1,0,1,unknown,,,pending,needsAdapter,blocked,notUsableYet,runPlan,,3,0,0,0
מרכז רפואי שיבא,מרכז רפואי שיבא,38,25,38,sheba,sheba,https://www.sheba.co.il/hospitals-clinics | https://www.sheba.co.il/lobbies-container/doctors-lobby | https://www.sheba.co.il/imaging/clinics/nuclear-medicine-institute | https://www.sheba.co.il/pediatrics/departments/surgery-department | https://www.sheba.co.il/general/labs/pathology-institute,deferred,blocked,blocked,notUsableYet,deferToEnd,hard JS/API/502 case; deferred after national coverage,4,0,3,3
