O*NET-SOC Code,Title,Element ID,Element Name,Scale ID,Scale Name,Data Value,Date,Domain Source
29-1215.00,Family Medicine Physicians,1.B.1.a,Realistic,OI,Occupational Interests,3.75,02/2026,Machine Learning/Expert
29-1215.00,Family Medicine Physicians,1.B.1.b,Investigative,OI,Occupational Interests,6.08,02/2026,Machine Learning/Expert
29-1215.00,Family Medicine Physicians,1.B.1.c,Artistic,OI,Occupational Interests,1.45,02/2026,Machine Learning/Expert
29-1215.00,Family Medicine Physicians,1.B.1.d,Social,OI,Occupational Interests,6.21,02/2026,Machine Learning/Expert
29-1215.00,Family Medicine Physicians,1.B.1.e,Enterprising,OI,Occupational Interests,2.34,02/2026,Machine Learning/Expert
29-1215.00,Family Medicine Physicians,1.B.1.f,Conventional,OI,Occupational Interests,3.95,02/2026,Machine Learning/Expert
29-1211.00,Anesthesiologists,1.B.1.a,Realistic,OI,Occupational Interests,5.18,02/2026,Machine Learning/Expert
29-1211.00,Anesthesiologists,1.B.1.b,Investigative,OI,Occupational Interests,5.73,02/2026,Machine Learning/Expert
29-1211.00,Anesthesiologists,1.B.1.c,Artistic,OI,Occupational Interests,1.17,02/2026,Machine Learning/Expert
29-1211.00,Anesthesiologists,1.B.1.d,Social,OI,Occupational Interests,5.25,02/2026,Machine Learning/Expert
29-1211.00,Anesthesiologists,1.B.1.e,Enterprising,OI,Occupational Interests,2.50,02/2026,Machine Learning/Expert
29-1211.00,Anesthesiologists,1.B.1.f,Conventional,OI,Occupational Interests,3.69,02/2026,Machine Learning/Expert
29-1218.00,Obstetricians and Gynecologists,1.B.1.a,Realistic,OI,Occupational Interests,4.59,02/2026,Machine Learning/Expert
29-1218.00,Obstetricians and Gynecologists,1.B.1.b,Investigative,OI,Occupational Interests,5.50,02/2026,Machine Learning/Expert
29-1218.00,Obstetricians and Gynecologists,1.B.1.c,Artistic,OI,Occupational Interests,1.45,02/2026,Machine Learning/Expert
29-1218.00,Obstetricians and Gynecologists,1.B.1.d,Social,OI,Occupational Interests,5.45,02/2026,Machine Learning/Expert
29-1218.00,Obstetricians and Gynecologists,1.B.1.e,Enterprising,OI,Occupational Interests,2.74,02/2026,Machine Learning/Expert
29-1218.00,Obstetricians and Gynecologists,1.B.1.f,Conventional,OI,Occupational Interests,3.72,02/2026,Machine Learning/Expert
29-1229.03,Urologists,1.B.1.a,Realistic,OI,Occupational Interests,4.85,02/2026,Machine Learning/Expert
29-1229.03,Urologists,1.B.1.b,Investigative,OI,Occupational Interests,6.85,02/2026,Machine Learning/Expert
29-1229.03,Urologists,1.B.1.c,Artistic,OI,Occupational Interests,1.31,02/2026,Machine Learning/Expert
29-1229.03,Urologists,1.B.1.d,Social,OI,Occupational Interests,5.45,02/2026,Machine Learning/Expert
29-1229.03,Urologists,1.B.1.e,Enterprising,OI,Occupational Interests,2.22,02/2026,Machine Learning/Expert
29-1229.03,Urologists,1.B.1.f,Conventional,OI,Occupational Interests,3.43,02/2026,Machine Learning/Expert
29-1242.00,"Orthopedic Surgeons, Except Pediatric",1.B.1.a,Realistic,OI,Occupational Interests,5.08,02/2026,Machine Learning/Expert
29-1242.00,"Orthopedic Surgeons, Except Pediatric",1.B.1.b,Investigative,OI,Occupational Interests,6.50,02/2026,Machine Learning/Expert
29-1242.00,"Orthopedic Surgeons, Except Pediatric",1.B.1.c,Artistic,OI,Occupational Interests,1.48,02/2026,Machine Learning/Expert
29-1242.00,"Orthopedic Surgeons, Except Pediatric",1.B.1.d,Social,OI,Occupational Interests,4.82,02/2026,Machine Learning/Expert
29-1242.00,"Orthopedic Surgeons, Except Pediatric",1.B.1.e,Enterprising,OI,Occupational Interests,2.36,02/2026,Machine Learning/Expert
29-1242.00,"Orthopedic Surgeons, Except Pediatric",1.B.1.f,Conventional,OI,Occupational Interests,3.91,02/2026,Machine Learning/Expert
29-1243.00,Pediatric Surgeons,1.B.1.a,Realistic,OI,Occupational Interests,4.95,02/2026,Machine Learning/Expert
29-1243.00,Pediatric Surgeons,1.B.1.b,Investigative,OI,Occupational Interests,6.52,02/2026,Machine Learning/Expert
29-1243.00,Pediatric Surgeons,1.B.1.c,Artistic,OI,Occupational Interests,1.55,02/2026,Machine Learning/Expert
29-1243.00,Pediatric Surgeons,1.B.1.d,Social,OI,Occupational Interests,4.99,02/2026,Machine Learning/Expert
29-1243.00,Pediatric Surgeons,1.B.1.e,Enterprising,OI,Occupational Interests,2.43,02/2026,Machine Learning/Expert
29-1243.00,Pediatric Surgeons,1.B.1.f,Conventional,OI,Occupational Interests,3.91,02/2026,Machine Learning/Expert
29-1241.00,"Ophthalmologists, Except Pediatric",1.B.1.a,Realistic,OI,Occupational Interests,4.40,02/2026,Machine Learning/Expert
29-1241.00,"Ophthalmologists, Except Pediatric",1.B.1.b,Investigative,OI,Occupational Interests,6.24,02/2026,Machine Learning/Expert
29-1241.00,"Ophthalmologists, Except Pediatric",1.B.1.c,Artistic,OI,Occupational Interests,1.70,02/2026,Machine Learning/Expert
29-1241.00,"Ophthalmologists, Except Pediatric",1.B.1.d,Social,OI,Occupational Interests,5.46,02/2026,Machine Learning/Expert
29-1241.00,"Ophthalmologists, Except Pediatric",1.B.1.e,Enterprising,OI,Occupational Interests,2.98,02/2026,Machine Learning/Expert
29-1241.00,"Ophthalmologists, Except Pediatric",1.B.1.f,Conventional,OI,Occupational Interests,3.72,02/2026,Machine Learning/Expert
29-1217.00,Neurologists,1.B.1.a,Realistic,OI,Occupational Interests,4.10,02/2026,Machine Learning/Expert
29-1217.00,Neurologists,1.B.1.b,Investigative,OI,Occupational Interests,7.00,02/2026,Machine Learning/Expert
29-1217.00,Neurologists,1.B.1.c,Artistic,OI,Occupational Interests,2.08,02/2026,Machine Learning/Expert
29-1217.00,Neurologists,1.B.1.d,Social,OI,Occupational Interests,5.02,02/2026,Machine Learning/Expert
29-1217.00,Neurologists,1.B.1.e,Enterprising,OI,Occupational Interests,2.39,02/2026,Machine Learning/Expert
29-1217.00,Neurologists,1.B.1.f,Conventional,OI,Occupational Interests,3.69,02/2026,Machine Learning/Expert
29-1222.00,"Physicians, Pathologists",1.B.1.a,Realistic,OI,Occupational Interests,4.86,02/2026,Machine Learning/Expert
29-1222.00,"Physicians, Pathologists",1.B.1.b,Investigative,OI,Occupational Interests,7.00,02/2026,Machine Learning/Expert
29-1222.00,"Physicians, Pathologists",1.B.1.c,Artistic,OI,Occupational Interests,1.36,02/2026,Machine Learning/Expert
29-1222.00,"Physicians, Pathologists",1.B.1.d,Social,OI,Occupational Interests,3.60,02/2026,Machine Learning/Expert
29-1222.00,"Physicians, Pathologists",1.B.1.e,Enterprising,OI,Occupational Interests,1.76,02/2026,Machine Learning/Expert
29-1222.00,"Physicians, Pathologists",1.B.1.f,Conventional,OI,Occupational Interests,4.72,02/2026,Machine Learning/Expert
29-1212.00,Cardiologists,1.B.1.a,Realistic,OI,Occupational Interests,4.96,02/2026,Machine Learning/Expert
29-1212.00,Cardiologists,1.B.1.b,Investigative,OI,Occupational Interests,6.87,02/2026,Machine Learning/Expert
29-1212.00,Cardiologists,1.B.1.c,Artistic,OI,Occupational Interests,1.15,02/2026,Machine Learning/Expert
29-1212.00,Cardiologists,1.B.1.d,Social,OI,Occupational Interests,4.73,02/2026,Machine Learning/Expert
29-1212.00,Cardiologists,1.B.1.e,Enterprising,OI,Occupational Interests,2.28,02/2026,Machine Learning/Expert
29-1212.00,Cardiologists,1.B.1.f,Conventional,OI,Occupational Interests,4.00,02/2026,Machine Learning/Expert
29-1224.00,Radiologists,1.B.1.a,Realistic,OI,Occupational Interests,4.89,02/2026,Machine Learning/Expert
29-1224.00,Radiologists,1.B.1.b,Investigative,OI,Occupational Interests,6.62,02/2026,Machine Learning/Expert
29-1224.00,Radiologists,1.B.1.c,Artistic,OI,Occupational Interests,1.37,02/2026,Machine Learning/Expert
29-1224.00,Radiologists,1.B.1.d,Social,OI,Occupational Interests,3.85,02/2026,Machine Learning/Expert
29-1224.00,Radiologists,1.B.1.e,Enterprising,OI,Occupational Interests,2.17,02/2026,Machine Learning/Expert
29-1224.00,Radiologists,1.B.1.f,Conventional,OI,Occupational Interests,4.47,02/2026,Machine Learning/Expert
29-1214.00,Emergency Medicine Physicians,1.B.1.a,Realistic,OI,Occupational Interests,4.15,02/2026,Machine Learning/Expert
29-1214.00,Emergency Medicine Physicians,1.B.1.b,Investigative,OI,Occupational Interests,5.64,02/2026,Machine Learning/Expert
29-1214.00,Emergency Medicine Physicians,1.B.1.c,Artistic,OI,Occupational Interests,1.00,02/2026,Machine Learning/Expert
29-1214.00,Emergency Medicine Physicians,1.B.1.d,Social,OI,Occupational Interests,5.60,02/2026,Machine Learning/Expert
29-1214.00,Emergency Medicine Physicians,1.B.1.e,Enterprising,OI,Occupational Interests,2.68,02/2026,Machine Learning/Expert
29-1214.00,Emergency Medicine Physicians,1.B.1.f,Conventional,OI,Occupational Interests,4.22,02/2026,Machine Learning/Expert
29-1216.00,General Internal Medicine Physicians,1.B.1.a,Realistic,OI,Occupational Interests,4.43,02/2026,Machine Learning/Expert
29-1216.00,General Internal Medicine Physicians,1.B.1.b,Investigative,OI,Occupational Interests,6.81,02/2026,Machine Learning/Expert
29-1216.00,General Internal Medicine Physicians,1.B.1.c,Artistic,OI,Occupational Interests,1.44,02/2026,Machine Learning/Expert
29-1216.00,General Internal Medicine Physicians,1.B.1.d,Social,OI,Occupational Interests,6.08,02/2026,Machine Learning/Expert
29-1216.00,General Internal Medicine Physicians,1.B.1.e,Enterprising,OI,Occupational Interests,2.10,02/2026,Machine Learning/Expert
29-1216.00,General Internal Medicine Physicians,1.B.1.f,Conventional,OI,Occupational Interests,3.63,02/2026,Machine Learning/Expert
29-1221.00,"Pediatricians, General",1.B.1.a,Realistic,OI,Occupational Interests,3.64,02/2026,Machine Learning/Expert
29-1221.00,"Pediatricians, General",1.B.1.b,Investigative,OI,Occupational Interests,6.18,02/2026,Machine Learning/Expert
29-1221.00,"Pediatricians, General",1.B.1.c,Artistic,OI,Occupational Interests,1.88,02/2026,Machine Learning/Expert
29-1221.00,"Pediatricians, General",1.B.1.d,Social,OI,Occupational Interests,6.64,02/2026,Machine Learning/Expert
29-1221.00,"Pediatricians, General",1.B.1.e,Enterprising,OI,Occupational Interests,2.54,02/2026,Machine Learning/Expert
29-1221.00,"Pediatricians, General",1.B.1.f,Conventional,OI,Occupational Interests,3.58,02/2026,Machine Learning/Expert
29-1213.00,Dermatologists,1.B.1.a,Realistic,OI,Occupational Interests,4.81,02/2026,Machine Learning/Expert
29-1213.00,Dermatologists,1.B.1.b,Investigative,OI,Occupational Interests,6.44,02/2026,Machine Learning/Expert
29-1213.00,Dermatologists,1.B.1.c,Artistic,OI,Occupational Interests,1.87,02/2026,Machine Learning/Expert
29-1213.00,Dermatologists,1.B.1.d,Social,OI,Occupational Interests,4.65,02/2026,Machine Learning/Expert
29-1213.00,Dermatologists,1.B.1.e,Enterprising,OI,Occupational Interests,1.77,02/2026,Machine Learning/Expert
29-1213.00,Dermatologists,1.B.1.f,Conventional,OI,Occupational Interests,3.83,02/2026,Machine Learning/Expert
29-1229.04,Physical Medicine and Rehabilitation Physicians,1.B.1.a,Realistic,OI,Occupational Interests,4.92,02/2026,Machine Learning/Expert
29-1229.04,Physical Medicine and Rehabilitation Physicians,1.B.1.b,Investigative,OI,Occupational Interests,6.26,02/2026,Machine Learning/Expert
29-1229.04,Physical Medicine and Rehabilitation Physicians,1.B.1.c,Artistic,OI,Occupational Interests,1.87,02/2026,Machine Learning/Expert
29-1229.04,Physical Medicine and Rehabilitation Physicians,1.B.1.d,Social,OI,Occupational Interests,6.00,02/2026,Machine Learning/Expert
29-1229.04,Physical Medicine and Rehabilitation Physicians,1.B.1.e,Enterprising,OI,Occupational Interests,1.69,02/2026,Machine Learning/Expert
29-1229.04,Physical Medicine and Rehabilitation Physicians,1.B.1.f,Conventional,OI,Occupational Interests,3.00,02/2026,Machine Learning/Expert
29-1223.00,Psychiatrists,1.B.1.a,Realistic,OI,Occupational Interests,2.30,02/2026,Machine Learning/Expert
29-1223.00,Psychiatrists,1.B.1.b,Investigative,OI,Occupational Interests,6.59,02/2026,Machine Learning/Expert
29-1223.00,Psychiatrists,1.B.1.c,Artistic,OI,Occupational Interests,2.65,02/2026,Machine Learning/Expert
29-1223.00,Psychiatrists,1.B.1.d,Social,OI,Occupational Interests,5.83,02/2026,Machine Learning/Expert
29-1223.00,Psychiatrists,1.B.1.e,Enterprising,OI,Occupational Interests,1.95,02/2026,Machine Learning/Expert
29-1223.00,Psychiatrists,1.B.1.f,Conventional,OI,Occupational Interests,3.60,02/2026,Machine Learning/Expert
29-1229.05,Preventive Medicine Physicians,1.B.1.a,Realistic,OI,Occupational Interests,3.37,02/2026,Machine Learning/Expert
29-1229.05,Preventive Medicine Physicians,1.B.1.b,Investigative,OI,Occupational Interests,6.70,02/2026,Machine Learning/Expert
29-1229.05,Preventive Medicine Physicians,1.B.1.c,Artistic,OI,Occupational Interests,1.88,02/2026,Machine Learning/Expert
29-1229.05,Preventive Medicine Physicians,1.B.1.d,Social,OI,Occupational Interests,5.43,02/2026,Machine Learning/Expert
29-1229.05,Preventive Medicine Physicians,1.B.1.e,Enterprising,OI,Occupational Interests,2.37,02/2026,Machine Learning/Expert
29-1229.05,Preventive Medicine Physicians,1.B.1.f,Conventional,OI,Occupational Interests,3.39,02/2026,Machine Learning/Expert
