departmentUrl,departmentHebrew,fetched,candidateCount,patternTypes,recommendedParserTypes,suspicious,suspiciousEvidence,error
"https://hospitals.clalit.co.il/soroka/he/med-units/Pages/units-index.aspx","אינדקס יחידות","true","3","staffPage","genericStaffPage","false","",""
"https://hospitals.clalit.co.il/soroka/he/med-units/Pages/services-list.aspx","שירותים רפואיים","true","1","staffPage","genericStaffPage","false","",""
"https://hospitals.clalit.co.il/soroka/he/med-units/ob-gyn-division/Pages/default.aspx","החטיבה למיילדות וגינקולוגיה","true","1","staffPage","genericStaffPage","false","",""
"https://hospitals.clalit.co.il/soroka/he/med-units/pediatrics-division/Pages/default.aspx","בית חולים סבן לילדים","true","1","staffPage","genericStaffPage","false","",""
"https://hospitals.clalit.co.il/soroka/he/med-units/medicine-division/Pages/default.aspx","חטיבה פנימית","true","1","staffPage","genericStaffPage","false","",""
"https://hospitals.clalit.co.il/soroka/he/med-units/surgery-division/Pages/default.aspx","חטיבה כירורגית","true","1","staffPage","genericStaffPage","false","",""
"https://hospitals.clalit.co.il/soroka/he/med-units/anesthesiology-division/Pages/default.aspx","החטיבה להרדמה ולטיפול נמרץ","true","1","staffPage","genericStaffPage","false","",""
"https://hospitals.clalit.co.il/soroka/he/med-units/oncology-inst/Pages/default.aspx","מרכז לגסי הריטג' לאונקולוגיה ומכון ד""ר לארי נורטון","true","1","staffPage","genericStaffPage","false","",""
"https://hospitals.clalit.co.il/soroka/he/med-units/cardiology/Pages/default.aspx","המערך הקרדיולוגי","true","1","staffPage","genericStaffPage","false","",""
"https://hospitals.clalit.co.il/soroka/he/med-units/Pages/life-inst.aspx","מערך מציל חיים","true","1","staffPage","genericStaffPage","false","",""
"https://hospitals.clalit.co.il/soroka/he/med-units/imaging/Pages/default.aspx","מערך דימות","true","1","staffPage","genericStaffPage","false","",""
"https://hospitals.clalit.co.il/soroka/he/med-units/Ophthalmology/Pages/Ophthalmology1.aspx","מערך עיניים","true","1","staffPage","genericStaffPage","false","",""
"https://hospitals.clalit.co.il/soroka/he/med-units/surgery-division/Pages/orthopedic-array.aspx","המערך האורתופדי","true","1","staffPage","genericStaffPage","false","",""
"https://hospitals.clalit.co.il/soroka/he/med-units/Pages/er.aspx","מלר""ד (מיון כללי)","true","2","staffPage | inlineStaffPage","genericStaffPage | inlineStaffPage","false","",""
"https://hospitals.clalit.co.il/soroka/he/med-units/pediatrics-division/Pages/ped-ed.aspx","מלר""ד ילדים (מיון ילדים)","true","2","staffPage | inlineStaffPage","genericStaffPage | inlineStaffPage","false","",""
"https://hospitals.clalit.co.il/soroka/he/med-units/ob-gyn-division/Pages/obstetrics-ed.aspx","מיון יולדות וחדר לידה","true","2","staffPage | inlineStaffPage","genericStaffPage | inlineStaffPage","false","",""
"https://hospitals.clalit.co.il/soroka/he/med-units/Pages/isotop-inst.aspx","מכון לרפואה גרעינית ודימות מולקולרי (איזוטופים)","true","2","staffPage | inlineStaffPage","genericStaffPage | inlineStaffPage","false","",""
"https://hospitals.clalit.co.il/soroka/he/med-units/Pages/brain-division.aspx","חטיבת המוח","true","1","staffPage","genericStaffPage","false","",""
"https://hospitals.clalit.co.il/soroka/he/med-units/Pages/rehabilitation.aspx","מחלקת שיקום","true","2","staffPage | inlineStaffPage","genericStaffPage | inlineStaffPage","false","",""
"https://hospitals.clalit.co.il/soroka/he/med-units/surgery-division/Pages/cardiothoracicsurg.aspx","מחלקת כירורגיית לב וחזה ע""ש סמי עופר","true","2","staffPage | inlineStaffPage","genericStaffPage | inlineStaffPage","false","",""
"https://hospitals.clalit.co.il/soroka/he/med-units/psychiatry/Pages/default.aspx","מחלקת פסיכיאטריה","true","1","staffPage","genericStaffPage","false","",""
"https://hospitals.clalit.co.il/soroka/he/med-units/medicine-division/Pages/gastro-institute.aspx","מכון גסטרואנטרולוגיה","true","2","staffPage | inlineStaffPage","genericStaffPage | inlineStaffPage","false","",""
"https://hospitals.clalit.co.il/soroka/he/med-units/medicine-division/Pages/pulmonology.aspx","מכון לרפואת ריאות","true","2","staffPage | inlineStaffPage","genericStaffPage | inlineStaffPage","false","",""
"https://hospitals.clalit.co.il/soroka/he/med-units/surgery-division/Pages/women-health-center.aspx","מרכז בריאות השד","true","2","staffPage | inlineStaffPage","genericStaffPage | inlineStaffPage","false","",""
"https://hospitals.clalit.co.il/soroka/he/med-units/Pages/genetic-inst.aspx","מכון לגנטיקה של האדם","true","2","staffPage | inlineStaffPage","genericStaffPage | inlineStaffPage","false","",""
"https://hospitals.clalit.co.il/soroka/he/med-units/surgery-division/Pages/oralsurgclin.aspx","היחידה לכירורגיית פה ולסת","true","2","staffPage | inlineStaffPage","genericStaffPage | inlineStaffPage","false","",""
"https://hospitals.clalit.co.il/soroka/he/med-units/Pages/pre-operation.aspx","מרפאת טרום-ניתוח","true","1","staffPage","genericStaffPage","false","",""
"https://hospitals.clalit.co.il/soroka/he/med-units/Pages/pathology.aspx","המכון לפתולוגיה","true","2","staffPage | inlineStaffPage","genericStaffPage | inlineStaffPage","false","",""
"https://hospitals.clalit.co.il/soroka/he/med-units/Pages/laboratories.aspx","מערך המעבדות","true","1","staffPage","genericStaffPage","false","",""
"https://hospitals.clalit.co.il/soroka/he/med-units/Pages/infect-prevent.aspx","מניעת זיהומים","true","2","staffPage | inlineStaffPage","genericStaffPage | inlineStaffPage","false","",""
"https://hospitals.clalit.co.il/soroka/he/med-units/ob-gyn-division/Pages/ob-gyn-us-unit.aspx","המכון לאולטרה-סאונד גינקולוגי ומיילדותי","true","2","staffPage | inlineStaffPage","genericStaffPage | inlineStaffPage","false","",""
"https://hospitals.clalit.co.il/soroka/he/med-units/imaging/Pages/us.aspx","מכון אולטרה-סאונד - בדיקה על-קולית","true","1","staffPage","genericStaffPage","false","",""
"https://hospitals.clalit.co.il/soroka/he/med-units/Pages/soroka-pregnancy.aspx","סורוקה הריון ולידה","true","1","staffPage","genericStaffPage","false","",""
"https://hospitals.clalit.co.il/soroka/he/med-units/oncology-inst/Pages/onco-day-care1.aspx","אשפוז יום אונקולוגי","true","2","staffPage | inlineStaffPage","genericStaffPage | inlineStaffPage","false","",""
"https://hospitals.clalit.co.il/soroka/he/med-units/ob-gyn-division/Pages/gyn-oncolog.aspx","היחידה לגינקולוגיה אונקולוגית","true","2","staffPage | inlineStaffPage","genericStaffPage | inlineStaffPage","false","",""
"https://hospitals.clalit.co.il/soroka/he/med-units/oncology-inst/Pages/onco-radiation.aspx","יחידת קרינה","true","2","staffPage | inlineStaffPage","genericStaffPage | inlineStaffPage","false","",""
"https://hospitals.clalit.co.il/soroka/he/med-units/oncology-inst/Pages/oncology-ward.aspx","מחלקה אונקולוגית - מחלקת אשפוז","true","2","staffPage | inlineStaffPage","genericStaffPage | inlineStaffPage","false","",""
"https://hospitals.clalit.co.il/soroka/he/med-units/oncology-inst/Pages/onco-clinic.aspx","מרפאה אונקולוגית","true","1","staffPage","genericStaffPage","false","",""
"https://hospitals.clalit.co.il/soroka/he/med-units/oncology-inst/Pages/hemato-onco-clin.aspx","מרפאה המטואונקולוגית","true","2","staffPage | inlineStaffPage","genericStaffPage | inlineStaffPage","false","",""
"https://hospitals.clalit.co.il/soroka/he/med-units/pediatrics-division/Pages/ped-ho-clin.aspx","מרפאת המטולוגיית ילדים","true","2","staffPage | inlineStaffPage","genericStaffPage | inlineStaffPage","false","",""
"https://hospitals.clalit.co.il/soroka/he/med-units/surgery-division/Pages/urology.aspx","מחלקה אורולוגית","true","2","staffPage | inlineStaffPage","genericStaffPage | inlineStaffPage","false","",""
"https://hospitals.clalit.co.il/soroka/he/med-units/surgery-division/Pages/urology-clinic.aspx","מרפאה אורולוגית","true","2","staffPage | inlineStaffPage","genericStaffPage | inlineStaffPage","false","",""
"https://hospitals.clalit.co.il/soroka/he/med-units/surgery-division/Pages/orthopedics-a.aspx","מחלקה אורתופדית א'","true","2","staffPage | inlineStaffPage","genericStaffPage | inlineStaffPage","false","",""
"https://hospitals.clalit.co.il/soroka/he/med-units/surgery-division/Pages/orthopedics-b.aspx","מחלקה אורתופדית ב'","true","1","staffPage","genericStaffPage","false","",""
"https://hospitals.clalit.co.il/soroka/he/med-units/surgery-division/Pages/ortho-clinic.aspx","מרפאה אורתופדית","true","2","staffPage | inlineStaffPage","genericStaffPage | inlineStaffPage","false","",""
"https://hospitals.clalit.co.il/soroka/he/med-units/surgery-division/Pages/ortho-clinic-ped.aspx","מרפאה אורתופדית - ילדים ותינוקות","false","0","","","true","department page fetch failed","Fetch failed 404 Not Found for https://hospitals.clalit.co.il/soroka/he/med-units/surgery-division/Pages/ortho-clinic-ped.aspx"
"https://hospitals.clalit.co.il/soroka/he/med-units/pediatrics-division/Pages/ped-imuno-clinic.aspx","אימונולוגית ילדים - מרפאה","true","1","staffPage","genericStaffPage","false","",""
"https://hospitals.clalit.co.il/soroka/he/med-units/medicine-division/Pages/immunology-clinic.aspx","מרפאה לאימונולוגיה","true","2","staffPage | inlineStaffPage","genericStaffPage | inlineStaffPage","false","",""
"https://hospitals.clalit.co.il/soroka/he/med-units/pediatrics-division/Pages/ped-allergy-clinic.aspx","מרפאה לאלרגיה בילדים","true","2","staffPage | inlineStaffPage","genericStaffPage | inlineStaffPage","false","",""
"https://hospitals.clalit.co.il/soroka/he/med-units/medicine-division/Pages/allergyclinic.aspx","מרפאת אלרגיה (למבוגרים)","true","2","staffPage | inlineStaffPage","genericStaffPage | inlineStaffPage","false","",""
"https://hospitals.clalit.co.il/soroka/he/med-units/imaging/Pages/angio.aspx","רדיולוגיה פולשנית - אנגיוגרפיה","true","1","staffPage","genericStaffPage","false","",""
"https://hospitals.clalit.co.il/soroka/he/med-units/medicine-division/Pages/endoclinic.aspx","מרפאה אנדוקרינולוגית","true","2","staffPage | inlineStaffPage","genericStaffPage | inlineStaffPage","false","",""
"https://hospitals.clalit.co.il/soroka/he/med-units/pediatrics-division/Pages/ped-endo-diabet-clinic.aspx","מרפאת סוכרת ואנדוקרינולוגית ילדים","true","2","staffPage | inlineStaffPage","genericStaffPage | inlineStaffPage","false","",""
"https://hospitals.clalit.co.il/soroka/he/med-units/surgery-division/Pages/otolaryngology.aspx","מחלקת כירורגיית אף, אוזן וגרון וראש-צוואר","true","2","staffPage | inlineStaffPage","genericStaffPage | inlineStaffPage","false","",""
"https://hospitals.clalit.co.il/soroka/he/med-units/surgery-division/Pages/otolaryng-clinic.aspx","מרפאת אף, אוזן וגרון","true","2","staffPage | inlineStaffPage","genericStaffPage | inlineStaffPage","false","",""
"https://hospitals.clalit.co.il/soroka/he/med-units/pediatrics-division/Pages/ped-day-care.aspx","אשפוז-יום ילדים","true","2","staffPage | inlineStaffPage","genericStaffPage | inlineStaffPage","false","",""
"https://hospitals.clalit.co.il/soroka/he/med-units/ob-gyn-division/Pages/gyn-day-care.aspx","אשפוז-יום נשים","true","2","staffPage | inlineStaffPage","genericStaffPage | inlineStaffPage","false","",""
"https://hospitals.clalit.co.il/soroka/he/med-units/medicine-division/Pages/med-day-care.aspx","אשפוז-יום פנימי","true","2","staffPage | inlineStaffPage","genericStaffPage | inlineStaffPage","false","",""
"https://hospitals.clalit.co.il/soroka/he/med-units/psychiatry/Pages/psyc-day-care.aspx","היחידה לטיפול-יום פסיכיאטרי","true","2","staffPage | inlineStaffPage","genericStaffPage | inlineStaffPage","false","",""
"https://hospitals.clalit.co.il/soroka/he/med-units/Pages/beterem.aspx","ארגון בטרם - שלוחת סורוקה","true","1","staffPage","genericStaffPage","false","",""
"https://hospitals.clalit.co.il/soroka/he/med-units/Pages/pharmacy.aspx","שירותי רוקחות בסורוקה","true","1","staffPage","genericStaffPage","false","",""
"https://hospitals.clalit.co.il/soroka/he/med-units/Pages/BloodBank.aspx","מכון בנק הדם ושירותי אפרזיס","true","2","staffPage | inlineStaffPage","genericStaffPage | inlineStaffPage","false","",""
"https://hospitals.clalit.co.il/soroka/he/med-units/pediatrics-division/Pages/ped-broncho-center.aspx","יחידת ברונכוסקופיה גמישה בילדים","true","2","staffPage | inlineStaffPage","genericStaffPage | inlineStaffPage","false","",""
"https://hospitals.clalit.co.il/soroka/he/med-units/psychiatry/Pages/psyc-infancy.aspx","היחידה לפסיכיאטריה לגיל הרך","true","2","staffPage | inlineStaffPage","genericStaffPage | inlineStaffPage","false","",""
"https://hospitals.clalit.co.il/soroka/he/med-units/pediatrics-division/Pages/child-dev-center.aspx","המכון להתפתחות הילד","true","1","staffPage","genericStaffPage","false","",""
"https://hospitals.clalit.co.il/soroka/he/med-units/ob-gyn-division/Pages/ivf.aspx","היחידה לפוריות והפריה חוץ-גופית","true","2","staffPage | inlineStaffPage","genericStaffPage | inlineStaffPage","false","",""
"https://hospitals.clalit.co.il/soroka/he/med-units/ob-gyn-division/Pages/delivery-rooms.aspx","חדר לידה","true","2","staffPage | inlineStaffPage","genericStaffPage | inlineStaffPage","false","",""
"https://hospitals.clalit.co.il/soroka/he/med-units/ob-gyn-division/Pages/office.aspx","מזכירות החטיבה למיילדות וגינקולוגיה","true","1","staffPage","genericStaffPage","false","",""
"https://hospitals.clalit.co.il/soroka/he/med-units/ob-gyn-division/Pages/obstetrics-a.aspx","מחלקת יולדות א'","true","2","staffPage | inlineStaffPage","genericStaffPage | inlineStaffPage","false","",""
"https://hospitals.clalit.co.il/soroka/he/med-units/ob-gyn-division/Pages/obstetrics-b.aspx","מחלקת יולדות ב'","true","2","staffPage | inlineStaffPage","genericStaffPage | inlineStaffPage","false","",""
"https://hospitals.clalit.co.il/soroka/he/med-units/ob-gyn-division/Pages/obstetrics-c.aspx","מחלקת יולדות ג'","true","2","staffPage | inlineStaffPage","genericStaffPage | inlineStaffPage","false","",""
"https://hospitals.clalit.co.il/soroka/he/med-units/ob-gyn-division/Pages/obstetrics-d.aspx","מחלקת יולדות ד'","true","2","staffPage | inlineStaffPage","genericStaffPage | inlineStaffPage","false","",""
"https://hospitals.clalit.co.il/soroka/he/med-units/ob-gyn-division/Pages/gyn-a.aspx","מחלקת נשים א'","true","2","staffPage | inlineStaffPage","genericStaffPage | inlineStaffPage","false","",""
"https://hospitals.clalit.co.il/soroka/he/med-units/ob-gyn-division/Pages/gyn-b.aspx","מחלקת נשים ב'","true","2","staffPage | inlineStaffPage","genericStaffPage | inlineStaffPage","false","",""
"https://hospitals.clalit.co.il/soroka/he/med-units/ob-gyn-division/Pages/gyn-ed.aspx","מלר""ד נשים - מיון נשים","true","1","staffPage","genericStaffPage","false","",""
"https://hospitals.clalit.co.il/soroka/he/med-units/ob-gyn-division/Pages/rec-preg-loss-clinic.aspx","מרפאה לאיבודי הריון חוזרים (הפלות חוזרות)","true","2","staffPage | inlineStaffPage","genericStaffPage | inlineStaffPage","false","",""
"https://hospitals.clalit.co.il/soroka/he/med-units/ob-gyn-division/Pages/gyn-clin.aspx","מרפאות החוץ למיילדות וגינקולוגיה","true","2","staffPage | inlineStaffPage","genericStaffPage | inlineStaffPage","false","",""
"https://hospitals.clalit.co.il/soroka/he/med-units/pediatrics-division/Pages/ped-endoscopy-center.aspx","מרפאת גסטרואנטרולוגיה של הילד","true","2","staffPage | inlineStaffPage","genericStaffPage | inlineStaffPage","false","",""
"https://hospitals.clalit.co.il/soroka/he/med-units/medicine-division/Pages/geriatrics.aspx","מחלקה גריאטרית","true","2","staffPage | inlineStaffPage","genericStaffPage | inlineStaffPage","false","",""
"https://hospitals.clalit.co.il/soroka/he/med-units/surgery-division/Pages/duplex.aspx","מכון כלי-דם (דופלקס)","true","2","staffPage | inlineStaffPage","genericStaffPage | inlineStaffPage","false","",""
"https://hospitals.clalit.co.il/soroka/he/med-units/Pages/diet.aspx","המחלקה לתזונה קלינית","true","1","staffPage","genericStaffPage","false","",""
"https://hospitals.clalit.co.il/soroka/he/med-units/cardiology/Pages/heart-imaging.aspx","דימות הלב","true","2","staffPage | inlineStaffPage","genericStaffPage | inlineStaffPage","false","",""
"https://hospitals.clalit.co.il/soroka/he/med-units/imaging/Pages/ped-imaging.aspx","דימות ילדים","true","1","staffPage","genericStaffPage","false","",""
"https://hospitals.clalit.co.il/soroka/he/med-units/imaging/Pages/mri.aspx","הדמייה בתהודה מגנטית - MRI","true","2","staffPage | inlineStaffPage","genericStaffPage | inlineStaffPage","false","",""
"https://hospitals.clalit.co.il/soroka/he/med-units/imaging/Pages/ct.aspx","טומוגרפיה ממוחשבת –CT","true","2","staffPage | inlineStaffPage","genericStaffPage | inlineStaffPage","false","",""
"https://hospitals.clalit.co.il/soroka/he/med-units/imaging/Pages/x-ray.aspx","צילומים ובדיקות שיקוף - רנטגן","true","1","staffPage","genericStaffPage","false","",""
"https://hospitals.clalit.co.il/soroka/he/med-units/oncology-inst/Pages/hema-day-care.aspx","אשפוז-יום המטולוגי","true","2","staffPage | inlineStaffPage","genericStaffPage | inlineStaffPage","false","",""
"https://hospitals.clalit.co.il/soroka/he/med-units/oncology-inst/Pages/hametology.aspx","מחלקה המטולוגית","true","2","staffPage | inlineStaffPage","genericStaffPage | inlineStaffPage","false","",""
"https://hospitals.clalit.co.il/soroka/he/med-units/pediatrics-division/Pages/ped-hemato-onco-div.aspx","מחלקת המטואונקולוגיית ילדים - אשפוז ואשפוז-יום","true","4","unknownStaffPage | staffPage | inlineStaffPage","genericStaffPage | inlineStaffPage","false","",""
"https://hospitals.clalit.co.il/soroka/he/med-units/oncology-inst/Pages/coag-hema-clin.aspx","מרפאת המטולוגיה וקרישה","true","3","unknownStaffPage | staffPage | inlineStaffPage","genericStaffPage | inlineStaffPage","false","",""
"https://hospitals.clalit.co.il/soroka/he/med-units/psychiatry/Pages/psyc-eating-dis.aspx","המחלקה לטיפול בהפרעות אכילה בילדים ונוער","true","2","staffPage | inlineStaffPage","genericStaffPage | inlineStaffPage","false","",""
"https://hospitals.clalit.co.il/soroka/he/med-units/Pages/sleep--lab.aspx","יחידה לחקר ולאבחון הפרעות שינה (מעבדת שינה)","true","2","staffPage | inlineStaffPage","genericStaffPage | inlineStaffPage","false","",""
"https://hospitals.clalit.co.il/soroka/he/med-units/pediatrics-division/Pages/ped-sleep-dis-center.aspx","מרפאה להפרעות שינה בילדים","true","2","staffPage | inlineStaffPage","genericStaffPage | inlineStaffPage","false","",""
"https://hospitals.clalit.co.il/soroka/he/med-units/anesthesiology-division/Pages/gicu.aspx","המחלקה לטיפול-נמרץ כללי ע""ש סמי עופר","true","2","staffPage | inlineStaffPage","genericStaffPage | inlineStaffPage","false","",""
"https://hospitals.clalit.co.il/soroka/he/med-units/anesthesiology-division/Pages/recover-room.aspx","חדר התאוששות","true","1","staffPage","genericStaffPage","false","",""
"https://hospitals.clalit.co.il/soroka/he/med-units/anesthesiology-division/Pages/anest-ward.aspx","מחלקת ההרדמה","true","1","staffPage","genericStaffPage","false","",""
"https://hospitals.clalit.co.il/soroka/he/med-units/surgery-division/Pages/kidney-transplant-unit.aspx","היחידה להשתלות כליה","true","2","staffPage | inlineStaffPage","genericStaffPage | inlineStaffPage","false","",""
"https://hospitals.clalit.co.il/soroka/he/med-units/medicine-division/Pages/infectdiseasinst.aspx","המכון למחלות זיהומיות","true","2","staffPage | inlineStaffPage","genericStaffPage | inlineStaffPage","false","",""
"https://hospitals.clalit.co.il/soroka/he/med-units/Pages/staff-students-vaccines.aspx","חיסונים לעובדים ולסטודנטים","true","1","staffPage","genericStaffPage","false","",""
"https://hospitals.clalit.co.il/soroka/he/med-units/pediatrics-division/Pages/picu.aspx","היחידה לטיפול-נמרץ ילדים","true","2","staffPage | inlineStaffPage","genericStaffPage | inlineStaffPage","false","",""
"https://hospitals.clalit.co.il/soroka/he/med-units/medicine-division/Pages/micu.aspx","היחידה לטיפול-נמרץ פנימי","true","2","staffPage | inlineStaffPage","genericStaffPage | inlineStaffPage","false","",""
"https://hospitals.clalit.co.il/soroka/he/med-units/cardiology/Pages/iccu.aspx","טיפול-נמרץ לב וטיפול-נמרץ לב ביניים","true","2","staffPage | inlineStaffPage","genericStaffPage | inlineStaffPage","false","",""
"https://hospitals.clalit.co.il/soroka/he/med-units/surgery-division/Pages/trauma-unit.aspx","יחידת טראומה","true","2","staffPage | inlineStaffPage","genericStaffPage | inlineStaffPage","false","",""
"https://hospitals.clalit.co.il/soroka/he/med-units/ob-gyn-division/Pages/obstetrics-he.aspx","מחלקת יולדות ה' - מחלקת ""אפס הפרדה""","true","2","staffPage | inlineStaffPage","genericStaffPage | inlineStaffPage","false","",""
"https://hospitals.clalit.co.il/soroka/he/med-units/pediatrics-division/Pages/ped-infections.aspx","היחידה למחלות זיהומיות בילדים","true","2","staffPage | inlineStaffPage","genericStaffPage | inlineStaffPage","false","",""
"https://hospitals.clalit.co.il/soroka/he/med-units/pediatrics-division/Pages/ped-neuro-clinic.aspx","היחידה לנוירולוגיה של ילדים","true","2","staffPage | inlineStaffPage","genericStaffPage | inlineStaffPage","false","",""
"https://hospitals.clalit.co.il/soroka/he/med-units/pediatrics-division/Pages/child-risk.aspx","יחידת ילד בסיכון","true","1","staffPage","genericStaffPage","false","",""
"https://hospitals.clalit.co.il/soroka/he/med-units/pediatrics-division/Pages/pedsurg.aspx","מחלקה לכירורגיית ילדים","true","2","staffPage | inlineStaffPage","genericStaffPage | inlineStaffPage","false","",""
"https://hospitals.clalit.co.il/soroka/he/med-units/pediatrics-division/Pages/pediatrics-a.aspx","מחלקת ילדים א'","true","2","staffPage | inlineStaffPage","genericStaffPage | inlineStaffPage","false","",""
"https://hospitals.clalit.co.il/soroka/he/med-units/pediatrics-division/Pages/pediatrics-b.aspx","מחלקת ילדים ב'","true","2","staffPage | inlineStaffPage","genericStaffPage | inlineStaffPage","false","",""
"https://hospitals.clalit.co.il/soroka/he/med-units/pediatrics-division/Pages/pediatrics-d.aspx","מחלקת ילדים ד'","true","2","staffPage | inlineStaffPage","genericStaffPage | inlineStaffPage","false","",""
"https://hospitals.clalit.co.il/soroka/he/med-units/pediatrics-division/Pages/neonatology.aspx","מחלקת פגים ויילודים","true","2","staffPage | inlineStaffPage","genericStaffPage | inlineStaffPage","false","",""
"https://hospitals.clalit.co.il/soroka/he/med-units/pediatrics-division/Pages/ped-infections-cinic.aspx","מרפאה למחלות זיהומיות בילדים","true","2","staffPage | inlineStaffPage","genericStaffPage | inlineStaffPage","false","",""
"https://hospitals.clalit.co.il/soroka/he/med-units/pediatrics-division/Pages/ped-metabolic.aspx","מרפאה למחלות מטבוליות של ילדים","true","2","staffPage | inlineStaffPage","genericStaffPage | inlineStaffPage","false","",""
"https://hospitals.clalit.co.il/soroka/he/med-units/pediatrics-division/Pages/pulmun-clinic.aspx","מרפאה למחלות ריאה בילדים","true","2","staffPage | inlineStaffPage","genericStaffPage | inlineStaffPage","false","",""
"https://hospitals.clalit.co.il/soroka/he/med-units/pediatrics-division/Pages/ped-nephro-clinic.aspx","מרפאה לנפרולוגיה של ילדים","true","2","staffPage | inlineStaffPage","genericStaffPage | inlineStaffPage","false","",""
"https://hospitals.clalit.co.il/soroka/he/med-units/pediatrics-division/Pages/ped-rheumato-clinic.aspx","מרפאה ראומטולוגית ילדים","true","2","staffPage | inlineStaffPage","genericStaffPage | inlineStaffPage","false","",""
"https://hospitals.clalit.co.il/soroka/he/med-units/pediatrics-division/Pages/child-dermato-clinic.aspx","מרפאת עור ילדים","true","2","staffPage | inlineStaffPage","genericStaffPage | inlineStaffPage","false","",""
"https://hospitals.clalit.co.il/soroka/he/med-units/psychiatry/Pages/psyc-ped.aspx","פסיכיאטריה לילדים ונוער","true","2","staffPage | inlineStaffPage","genericStaffPage | inlineStaffPage","false","",""
"https://hospitals.clalit.co.il/soroka/he/med-units/cardiology/Pages/ped-cardio.aspx","קרדיולוגיית ילדים","true","2","staffPage | inlineStaffPage","genericStaffPage | inlineStaffPage","false","",""
"https://hospitals.clalit.co.il/soroka/he/med-units/pediatrics-division/Pages/premature-treatment.aspx","היחידה לטיפול נמרץ ביילוד ובפג","true","2","staffPage | inlineStaffPage","genericStaffPage | inlineStaffPage","false","",""
"https://hospitals.clalit.co.il/soroka/he/med-units/anesthesiology-division/Pages/acute-pain-treatment-unit.aspx","היחידה לטיפול בכאב חריף","true","2","staffPage | inlineStaffPage","genericStaffPage | inlineStaffPage","false","",""
"https://hospitals.clalit.co.il/soroka/he/med-units/anesthesiology-division/Pages/pain-clin.aspx","מרפאת כאב","true","2","staffPage | inlineStaffPage","genericStaffPage | inlineStaffPage","false","",""
"https://hospitals.clalit.co.il/soroka/he/med-units/surgery-division/Pages/surgdaycare.aspx","אשפוז-יום כירורגי","true","2","staffPage | inlineStaffPage","genericStaffPage | inlineStaffPage","false","",""
"https://hospitals.clalit.co.il/soroka/he/med-units/surgery-division/Pages/proctology-clinic.aspx","המרפאה הפרוקטולוגית והיחידה לכירורגיה קולורקטלית ופרוקטולוגיה","true","2","staffPage | inlineStaffPage","genericStaffPage | inlineStaffPage","false","",""
"https://hospitals.clalit.co.il/soroka/he/med-units/surgery-division/Pages/bariatric-clinic.aspx","כירורגיה בריאטרית - המרפאה הבריאטרית והוועדה הבריאטרית","true","2","staffPage | inlineStaffPage","genericStaffPage | inlineStaffPage","false","",""
"https://hospitals.clalit.co.il/soroka/he/med-units/surgery-division/Pages/surgery-a.aspx","מחלקה כירורגית א'","true","2","staffPage | inlineStaffPage","genericStaffPage | inlineStaffPage","false","",""
"https://hospitals.clalit.co.il/soroka/he/med-units/surgery-division/Pages/surgery-b.aspx","מחלקה כירורגית ב'","true","2","staffPage | inlineStaffPage","genericStaffPage | inlineStaffPage","false","",""
"https://hospitals.clalit.co.il/soroka/he/med-units/surgery-division/Pages/plastics.aspx","מחלקה לכירורגיה פלסטית ומשחזרת","true","2","staffPage | inlineStaffPage","genericStaffPage | inlineStaffPage","false","",""
"https://hospitals.clalit.co.il/soroka/he/med-units/surgery-division/Pages/vasc-surgery.aspx","מחלקה לכירורגיית כלי-דם","true","3","staffPage | inlineStaffPage","genericStaffPage | inlineStaffPage","false","",""
"https://hospitals.clalit.co.il/soroka/he/med-units/surgery-division/Pages/neurosurgery.aspx","מחלקה נוירוכירורגית","true","2","staffPage | inlineStaffPage","genericStaffPage | inlineStaffPage","false","",""
"https://hospitals.clalit.co.il/soroka/he/med-units/Ophthalmology/Pages/ophthalmology.aspx","מחלקת עיניים","true","3","staffPage | inlineStaffPage","genericStaffPage | inlineStaffPage","false","",""
"https://hospitals.clalit.co.il/soroka/he/med-units/Pages/audiology.aspx","מכון שמיעה ודיבור","true","1","staffPage","genericStaffPage","false","",""
"https://hospitals.clalit.co.il/soroka/he/med-units/Pages/surgery-rooms.aspx","מערך חדרי ניתוח","true","2","staffPage | inlineStaffPage","genericStaffPage | inlineStaffPage","false","",""
"https://hospitals.clalit.co.il/soroka/he/med-units/surgery-division/Pages/surg-clinic-a.aspx","מרפאה כירורגית א'","true","2","staffPage | inlineStaffPage","genericStaffPage | inlineStaffPage","false","",""
"https://hospitals.clalit.co.il/soroka/he/med-units/surgery-division/Pages/surg-clinic-b.aspx","מרפאה כירורגית ב'","true","2","staffPage | inlineStaffPage","genericStaffPage | inlineStaffPage","false","",""
"https://hospitals.clalit.co.il/soroka/he/med-units/surgery-division/Pages/plastics-clinic.aspx","מרפאה לכירורגיה פלסטית","true","2","staffPage | inlineStaffPage","genericStaffPage | inlineStaffPage","false","",""
"https://hospitals.clalit.co.il/soroka/he/med-units/surgery-division/Pages/neurosurg-clinic.aspx","מרפאה נוירוכירורגית","true","2","staffPage | inlineStaffPage","genericStaffPage | inlineStaffPage","false","",""
"https://hospitals.clalit.co.il/soroka/he/med-units/surgery-division/Pages/vascclin.aspx","מרפאת כלי-דם","true","3","staffPage | inlineStaffPage","genericStaffPage | inlineStaffPage","false","",""
"https://hospitals.clalit.co.il/soroka/he/med-units/surgery-division/Pages/plastics-hand-clinic.aspx","מרפאה לכירורגיה פלסטית - יחידה לכירורגיית כף יד","true","1","staffPage","genericStaffPage","false","",""
"https://hospitals.clalit.co.il/soroka/he/med-units/Pages/social-comite.aspx","השירות לעבודה סוציאלית - הוועדה לענייני הריון","true","1","staffPage","genericStaffPage","false","",""
"https://hospitals.clalit.co.il/soroka/he/med-units/Pages/international-department.aspx","תיירות מרפא בסורוקה","true","1","staffPage","genericStaffPage","false","",""
"https://hospitals.clalit.co.il/soroka/he/med-units/Pages/thrombocytes.aspx","תרומת טסיות דם בסורוקה - מכון בנק הדם","true","1","staffPage","genericStaffPage","false","",""
"https://hospitals.clalit.co.il/soroka/he/med-units/cardiology/Pages/card-electro.aspx","היחידה לאלקטרופיזיולוגיה וקוצבי לב","true","9","unknownStaffPage | staffPage | inlineStaffPage","genericStaffPage | inlineStaffPage","false","",""
"https://hospitals.clalit.co.il/soroka/he/med-units/cardiology/Pages/echo.aspx","יחידת אקו לב","true","2","staffPage | inlineStaffPage","genericStaffPage | inlineStaffPage","false","",""
"https://hospitals.clalit.co.il/soroka/he/med-units/cardiology/Pages/stress-test.aspx","מבחני מאמץ","true","2","staffPage | inlineStaffPage","genericStaffPage | inlineStaffPage","false","",""
"https://hospitals.clalit.co.il/soroka/he/med-units/cardiology/Pages/card-clin.aspx","מרפאות קרדיולוגיה","true","2","staffPage | inlineStaffPage","genericStaffPage | inlineStaffPage","false","",""
"https://hospitals.clalit.co.il/soroka/he/med-units/cardiology/Pages/heart-fail-clin.aspx","מרפאת אי-ספיקת לב","true","2","staffPage | inlineStaffPage","genericStaffPage | inlineStaffPage","false","",""
"https://hospitals.clalit.co.il/soroka/he/med-units/cardiology/Pages/pre.aspx","מרפאת טרום צנתור","true","2","staffPage | inlineStaffPage","genericStaffPage | inlineStaffPage","false","",""
"https://hospitals.clalit.co.il/soroka/he/med-units/medicine-division/Pages/bloodpressure-mirpaa.aspx","מרפאת יתר לחץ-דם","true","2","staffPage | inlineStaffPage","genericStaffPage | inlineStaffPage","false","",""
"https://hospitals.clalit.co.il/soroka/he/med-units/Pages/soroka-travel.aspx","סורוקה מטיילים","true","1","staffPage","genericStaffPage","false","",""
"https://hospitals.clalit.co.il/soroka/he/med-units/ob-gyn-division/Pages/high-risk-pregnancy.aspx","מרפאת הריון בסיכון גבוה - HRP","true","2","staffPage | inlineStaffPage","genericStaffPage | inlineStaffPage","false","",""
"https://hospitals.clalit.co.il/soroka/he/med-units/Pages/prosthetic-eyes.aspx","מעבדה לעיניים תותבות","true","1","staffPage","genericStaffPage","false","",""
"https://hospitals.clalit.co.il/soroka/he/med-units/surgery-division/Pages/endoscopic-skull-base-center.aspx","מרכז רב-תחומי לניתוחים אנדוסקופיים בבסיס גולגולת ולניתוחי היפופיזה","true","1","staffPage","genericStaffPage","false","",""
"https://hospitals.clalit.co.il/soroka/he/med-units/Pages/neurology-brain-stroke-and-catheterization.aspx","היחידה לשבץ מוחי ולצנתורי מוח - מחלקה נוירולוגית","true","1","staffPage","genericStaffPage","false","",""
"https://hospitals.clalit.co.il/soroka/he/med-units/medicine-division/Pages/neurology.aspx","מחלקה נוירולוגית","true","2","staffPage | inlineStaffPage","genericStaffPage | inlineStaffPage","false","",""
"https://hospitals.clalit.co.il/soroka/he/med-units/medicine-division/Pages/neuroclinic.aspx","מרפאה נוירולוגית","true","2","staffPage | inlineStaffPage","genericStaffPage | inlineStaffPage","false","",""
"https://hospitals.clalit.co.il/soroka/he/med-units/medicine-division/Pages/movement-dis-clinic.aspx","מרפאה נוירולוגית - מרפאת הפרעות בתנועה","true","2","staffPage | inlineStaffPage","genericStaffPage | inlineStaffPage","false","",""
"https://hospitals.clalit.co.il/soroka/he/med-units/medicine-division/Pages/neurology-headache.aspx","מרפאה נוירולוגית - מרפאת כאבי ראש","true","2","staffPage | inlineStaffPage","genericStaffPage | inlineStaffPage","false","",""
"https://hospitals.clalit.co.il/soroka/he/med-units/medicine-division/Pages/neurology-angiography.aspx","צנתור מוח - בדיקת אנגיוגרפיה מוחית אבחנתית","true","2","staffPage | inlineStaffPage","genericStaffPage | inlineStaffPage","false","",""
"https://hospitals.clalit.co.il/soroka/he/med-units/Pages/neurology-angiography.aspx","צנתור מוח - בדיקת אנגיוגרפיה מוחית אבחנתית","true","2","staffPage | inlineStaffPage","genericStaffPage | inlineStaffPage","false","",""
"https://hospitals.clalit.co.il/soroka/he/med-units/medicine-division/Pages/nephrology.aspx","מחלקת נפרולוגיה ויתר לחץ דם","true","2","staffPage | inlineStaffPage","genericStaffPage | inlineStaffPage","false","",""
"https://hospitals.clalit.co.il/soroka/he/med-units/medicine-division/Pages/nephroclinic.aspx","מרפאה נפרולוגית","true","2","staffPage | inlineStaffPage","genericStaffPage | inlineStaffPage","false","",""
"https://hospitals.clalit.co.il/soroka/he/med-units/medicine-division/Pages/diabetesclinic.aspx","מרפאת סוכרת","true","2","staffPage | inlineStaffPage","genericStaffPage | inlineStaffPage","false","",""
"https://hospitals.clalit.co.il/soroka/he/med-units/Pages/soroka-sport.aspx","סורוקה ספורט","true","1","staffPage","genericStaffPage","false","",""
"https://hospitals.clalit.co.il/soroka/he/med-units/Pages/social-work-service.aspx","השירות לעבודה סוציאלית","true","1","staffPage","genericStaffPage","false","",""
"https://hospitals.clalit.co.il/soroka/he/med-units/Pages/social-work.aspx","השירות לעבודה סוציאלית","true","0","","","false","",""
"https://hospitals.clalit.co.il/soroka/he/med-units/Pages/social-work-1.aspx","תחומים ומסגרות טיפול בשירות לעבודה סוציאלית","true","1","staffPage","genericStaffPage","false","",""
"https://hospitals.clalit.co.il/soroka/he/med-units/medicine-division/Pages/dermatology.aspx","מחלקת עור ומין","true","2","staffPage | inlineStaffPage","genericStaffPage | inlineStaffPage","false","",""
"https://hospitals.clalit.co.il/soroka/he/med-units/medicine-division/Pages/dermatoclinic.aspx","מרפאת עור ומין","true","2","staffPage | inlineStaffPage","genericStaffPage | inlineStaffPage","false","",""
"https://hospitals.clalit.co.il/soroka/he/med-units/Ophthalmology/Pages/eye-imaging.aspx","בדיקות הדמיה עינית","true","1","staffPage","genericStaffPage","false","",""
"https://hospitals.clalit.co.il/soroka/he/med-units/Ophthalmology/Pages/retinal-clinic.aspx","יחידת רשתית","true","2","staffPage | inlineStaffPage","genericStaffPage | inlineStaffPage","false","",""
"https://hospitals.clalit.co.il/soroka/he/med-units/Ophthalmology/Pages/research-and-innovation.aspx","מחקר וחדשנות","true","1","staffPage","genericStaffPage","false","",""
"https://hospitals.clalit.co.il/soroka/he/med-units/Ophthalmology/Pages/uveitis-clinic.aspx","מרפאת אובאיטיס","true","2","staffPage | inlineStaffPage","genericStaffPage | inlineStaffPage","false","",""
"https://hospitals.clalit.co.il/soroka/he/med-units/Ophthalmology/Pages/oculoplasty-clinic.aspx","מרפאת אוקולופלסטיקה","true","2","staffPage | inlineStaffPage","genericStaffPage | inlineStaffPage","false","",""
"https://hospitals.clalit.co.il/soroka/he/med-units/Ophthalmology/Pages/optometry-clinic.aspx","מרפאת אורטופיטיקה ואופטומטריה","true","1","staffPage","genericStaffPage","false","",""
"https://hospitals.clalit.co.il/soroka/he/med-units/Ophthalmology/Pages/glaucoma-clinic.aspx","מרפאת גלאוקומה","true","2","staffPage | inlineStaffPage","genericStaffPage | inlineStaffPage","false","",""
"https://hospitals.clalit.co.il/soroka/he/med-units/Ophthalmology/Pages/Pre-eye-surgery-clinic.aspx","מרפאת טרום ניתוח עיניים","true","1","staffPage","genericStaffPage","false","",""
"https://hospitals.clalit.co.il/soroka/he/med-units/Ophthalmology/Pages/pediatric-eye-clinic.aspx","מרפאת ילדים ופזילה","true","2","staffPage | inlineStaffPage","genericStaffPage | inlineStaffPage","false","",""
"https://hospitals.clalit.co.il/soroka/he/med-units/Ophthalmology/Pages/laser-eye-clinic.aspx","מרפאת לייזר עיניים","true","2","staffPage | inlineStaffPage","genericStaffPage | inlineStaffPage","false","",""
"https://hospitals.clalit.co.il/soroka/he/med-units/Ophthalmology/Pages/neuro-ophthalmology-clinic.aspx","מרפאת נוירו-אופתלמולוגיה","true","2","staffPage | inlineStaffPage","genericStaffPage | inlineStaffPage","false","",""
"https://hospitals.clalit.co.il/soroka/he/med-units/Ophthalmology/Pages/cornea-clinic.aspx","מרפאת קרנית","true","2","staffPage | inlineStaffPage","genericStaffPage | inlineStaffPage","false","",""
"https://hospitals.clalit.co.il/soroka/he/med-units/ob-gyn-division/Pages/sperm-bank.aspx","בנק הזרע","true","1","staffPage","genericStaffPage","false","",""
"https://hospitals.clalit.co.il/soroka/he/med-units/Pages/physiotherapy-institute.aspx","מכון פיזיותרפיה","true","1","staffPage","genericStaffPage","false","",""
"https://hospitals.clalit.co.il/soroka/he/med-units/Pages/phisiotherapy-lung-rehabilitation.aspx","שיקום ריאות","true","1","staffPage","genericStaffPage","false","",""
"https://hospitals.clalit.co.il/soroka/he/med-units/medicine-division/Pages/med-a.aspx","מחלקה פנימית א'","true","2","staffPage | inlineStaffPage","genericStaffPage | inlineStaffPage","false","",""
"https://hospitals.clalit.co.il/soroka/he/med-units/medicine-division/Pages/med-b.aspx","מחלקה פנימית ב'","true","2","staffPage | inlineStaffPage","genericStaffPage | inlineStaffPage","false","",""
"https://hospitals.clalit.co.il/soroka/he/med-units/medicine-division/Pages/med-c.aspx","מחלקה פנימית ג'","true","2","staffPage | inlineStaffPage","genericStaffPage | inlineStaffPage","false","",""
"https://hospitals.clalit.co.il/soroka/he/med-units/medicine-division/Pages/med-d.aspx","מחלקה פנימית ד'","true","2","staffPage | inlineStaffPage","genericStaffPage | inlineStaffPage","false","",""
"https://hospitals.clalit.co.il/soroka/he/med-units/medicine-division/Pages/med-e.aspx","מחלקה פנימית ה'","true","2","staffPage | inlineStaffPage","genericStaffPage | inlineStaffPage","false","",""
"https://hospitals.clalit.co.il/soroka/he/med-units/medicine-division/Pages/med-f.aspx","מחלקה פנימית ו'","true","2","staffPage | inlineStaffPage","genericStaffPage | inlineStaffPage","false","",""
"https://hospitals.clalit.co.il/soroka/he/med-units/medicine-division/Pages/med-h.aspx","מחלקה פנימית ח'","true","2","staffPage | inlineStaffPage","genericStaffPage | inlineStaffPage","false","",""
"https://hospitals.clalit.co.il/soroka/he/med-units/medicine-division/Pages/rheumatoclinic.aspx","מרפאה ראומטולוגית","true","2","staffPage | inlineStaffPage","genericStaffPage | inlineStaffPage","false","",""
"https://hospitals.clalit.co.il/soroka/he/med-units/psychiatry/Pages/sexual-therapy-clinic.aspx","המרפאה לטיפול ושיקם מיני","true","2","staffPage | inlineStaffPage","genericStaffPage | inlineStaffPage","false","",""
"https://hospitals.clalit.co.il/soroka/he/med-units/psychiatry/Pages/psyc-ptsd.aspx","מחלקה לפסיכיאטריה - מרפאת פוסט-טראומה - הפרעה בתר-חבלתית(PTSD)","true","1","staffPage","genericStaffPage","false","",""
"https://hospitals.clalit.co.il/soroka/he/med-units/psychiatry/Pages/psyc-neuro-psych.aspx","מרפאת נוירו-פסיכיאטריה","true","2","staffPage | inlineStaffPage","genericStaffPage | inlineStaffPage","false","",""
"https://hospitals.clalit.co.il/soroka/he/med-units/psychiatry/Pages/psychiatry-home-page.aspx","מרפאת פסיכיאטריה למבוגרים","true","2","staffPage | inlineStaffPage","genericStaffPage | inlineStaffPage","false","",""
"https://hospitals.clalit.co.il/soroka/he/med-units/Pages/bone-density.aspx","בדיקת צפיפות עצם","true","1","staffPage","genericStaffPage","false","",""
"https://hospitals.clalit.co.il/soroka/he/med-units/cardiology/Pages/card-angio.aspx","קרדיולוגיה התערבותית (צנתורים)","true","2","staffPage | inlineStaffPage","genericStaffPage | inlineStaffPage","false","",""
"https://hospitals.clalit.co.il/soroka/he/med-units/cardiology/Pages/heart-rehabilitation.aspx","שיקום לב","true","2","staffPage | inlineStaffPage","genericStaffPage | inlineStaffPage","false","",""
"https://hospitals.clalit.co.il/soroka/he/med-units/Pages/occup-therapy.aspx","השירות לריפוי בעיסוק","true","1","staffPage","genericStaffPage","false","",""
"https://hospitals.clalit.co.il/soroka/he/med-units/Pages/isotop-pet-ct.aspx","מכון לרפואה גרעינית - מיפוי PET-CT","true","2","staffPage | inlineStaffPage","genericStaffPage | inlineStaffPage","false","",""
"https://hospitals.clalit.co.il/soroka/he/med-units/Pages/soroka-periodic.aspx","סורוקה בדיקות סקר","true","1","staffPage","genericStaffPage","false","",""
"https://hospitals.clalit.co.il/soroka/he/med-units/Pages/services-list.aspx?page=2","שירותים רפואיים","true","1","staffPage","genericStaffPage","false","",""