candidateId,titleHebrew,url,sourceDepartmentPage,patternType,confidence,pageType,recommendedAction,reason,parserRisk,duplicateGroup,parentDivision
soroka-surgery-division,מחלקה לכירורגיית כלי-דם,https://hospitals.clalit.co.il/soroka/he/med-units/surgery-division/Pages/vasc-surgery-staff.aspx,https://hospitals.clalit.co.il/soroka/he/med-units/surgery-division/Pages/vasc-surgery.aspx,staffPage,0.95,coreDepartment,review,duplicate/near-duplicate group title-d86d49bc,high,title-d86d49bc,surgery
soroka-anesthesiology-division,היחידה לטיפול בכאב חריף,https://hospitals.clalit.co.il/soroka/he/med-units/anesthesiology-division/Pages/acute-pain-treatment-unit.aspx,https://hospitals.clalit.co.il/soroka/he/med-units/anesthesiology-division/Pages/acute-pain-treatment-unit.aspx,inlineStaffPage,0.9,unit,import,known HTML staff/inline page with usable confidence,low,,anesthesiology
soroka-anesthesiology-division,"המחלקה לטיפול-נמרץ כללי ע""ש סמי עופר",https://hospitals.clalit.co.il/soroka/he/med-units/anesthesiology-division/Pages/gicu.aspx,https://hospitals.clalit.co.il/soroka/he/med-units/anesthesiology-division/Pages/gicu.aspx,inlineStaffPage,0.9,coreDepartment,import,known HTML staff/inline page with usable confidence,low,,anesthesiology
soroka-anesthesiology-division,מרפאת כאב,https://hospitals.clalit.co.il/soroka/he/med-units/anesthesiology-division/Pages/pain-clin.aspx,https://hospitals.clalit.co.il/soroka/he/med-units/anesthesiology-division/Pages/pain-clin.aspx,inlineStaffPage,0.9,clinic,import,known HTML staff/inline page with usable confidence,low,,anesthesiology
soroka-cardiology,קרדיולוגיה התערבותית (צנתורים),https://hospitals.clalit.co.il/soroka/he/med-units/cardiology/Pages/card-angio.aspx,https://hospitals.clalit.co.il/soroka/he/med-units/cardiology/Pages/card-angio.aspx,inlineStaffPage,0.9,unknown,review,page type could not be classified,medium,,cardiology
soroka-cardiology,מרפאות קרדיולוגיה,https://hospitals.clalit.co.il/soroka/he/med-units/cardiology/Pages/card-clin.aspx,https://hospitals.clalit.co.il/soroka/he/med-units/cardiology/Pages/card-clin.aspx,inlineStaffPage,0.9,clinic,import,known HTML staff/inline page with usable confidence,low,,cardiology
soroka-cardiology,היחידה לאלקטרופיזיולוגיה וקוצבי לב,https://hospitals.clalit.co.il/soroka/he/med-units/cardiology/Pages/card-electro.aspx,https://hospitals.clalit.co.il/soroka/he/med-units/cardiology/Pages/card-electro.aspx,inlineStaffPage,0.9,unit,review,duplicate/near-duplicate group title-871dacea,high,title-871dacea,cardiology
soroka-cardiology,יחידת אקו לב,https://hospitals.clalit.co.il/soroka/he/med-units/cardiology/Pages/echo.aspx,https://hospitals.clalit.co.il/soroka/he/med-units/cardiology/Pages/echo.aspx,inlineStaffPage,0.9,unknown,review,page type could not be classified,medium,,cardiology
soroka-cardiology,מרפאת אי-ספיקת לב,https://hospitals.clalit.co.il/soroka/he/med-units/cardiology/Pages/heart-fail-clin.aspx,https://hospitals.clalit.co.il/soroka/he/med-units/cardiology/Pages/heart-fail-clin.aspx,inlineStaffPage,0.9,clinic,import,known HTML staff/inline page with usable confidence,low,,cardiology
soroka-cardiology,דימות הלב,https://hospitals.clalit.co.il/soroka/he/med-units/cardiology/Pages/heart-imaging.aspx,https://hospitals.clalit.co.il/soroka/he/med-units/cardiology/Pages/heart-imaging.aspx,inlineStaffPage,0.9,unknown,review,page type could not be classified,medium,,cardiology
soroka-cardiology,שיקום לב,https://hospitals.clalit.co.il/soroka/he/med-units/cardiology/Pages/heart-rehabilitation.aspx,https://hospitals.clalit.co.il/soroka/he/med-units/cardiology/Pages/heart-rehabilitation.aspx,inlineStaffPage,0.9,unknown,review,page type could not be classified,medium,,cardiology
soroka-cardiology,טיפול-נמרץ לב וטיפול-נמרץ לב ביניים,https://hospitals.clalit.co.il/soroka/he/med-units/cardiology/Pages/iccu.aspx,https://hospitals.clalit.co.il/soroka/he/med-units/cardiology/Pages/iccu.aspx,inlineStaffPage,0.9,unknown,review,page type could not be classified,medium,,cardiology
soroka-cardiology,קרדיולוגיית ילדים,https://hospitals.clalit.co.il/soroka/he/med-units/cardiology/Pages/ped-cardio.aspx,https://hospitals.clalit.co.il/soroka/he/med-units/cardiology/Pages/ped-cardio.aspx,inlineStaffPage,0.9,unknown,review,page type could not be classified,medium,,cardiology
soroka-cardiology,מרפאת טרום צנתור,https://hospitals.clalit.co.il/soroka/he/med-units/cardiology/Pages/pre.aspx,https://hospitals.clalit.co.il/soroka/he/med-units/cardiology/Pages/pre.aspx,inlineStaffPage,0.9,clinic,import,known HTML staff/inline page with usable confidence,low,,cardiology
soroka-cardiology,מבחני מאמץ,https://hospitals.clalit.co.il/soroka/he/med-units/cardiology/Pages/stress-test.aspx,https://hospitals.clalit.co.il/soroka/he/med-units/cardiology/Pages/stress-test.aspx,inlineStaffPage,0.9,unknown,review,page type could not be classified,medium,,cardiology
soroka-imaging,טומוגרפיה ממוחשבת –CT,https://hospitals.clalit.co.il/soroka/he/med-units/imaging/Pages/ct.aspx,https://hospitals.clalit.co.il/soroka/he/med-units/imaging/Pages/ct.aspx,inlineStaffPage,0.9,unknown,review,page type could not be classified,medium,,imaging
soroka-imaging,הדמייה בתהודה מגנטית - MRI,https://hospitals.clalit.co.il/soroka/he/med-units/imaging/Pages/mri.aspx,https://hospitals.clalit.co.il/soroka/he/med-units/imaging/Pages/mri.aspx,inlineStaffPage,0.9,unknown,review,page type could not be classified,medium,,imaging
soroka-medicine-division,מרפאת אלרגיה (למבוגרים),https://hospitals.clalit.co.il/soroka/he/med-units/medicine-division/Pages/allergyclinic.aspx,https://hospitals.clalit.co.il/soroka/he/med-units/medicine-division/Pages/allergyclinic.aspx,inlineStaffPage,0.9,clinic,import,known HTML staff/inline page with usable confidence,low,,medicine
soroka-medicine-division,מרפאת יתר לחץ-דם,https://hospitals.clalit.co.il/soroka/he/med-units/medicine-division/Pages/bloodpressure-mirpaa.aspx,https://hospitals.clalit.co.il/soroka/he/med-units/medicine-division/Pages/bloodpressure-mirpaa.aspx,inlineStaffPage,0.9,clinic,import,known HTML staff/inline page with usable confidence,low,,medicine
soroka-medicine-division,מרפאת עור ומין,https://hospitals.clalit.co.il/soroka/he/med-units/medicine-division/Pages/dermatoclinic.aspx,https://hospitals.clalit.co.il/soroka/he/med-units/medicine-division/Pages/dermatoclinic.aspx,inlineStaffPage,0.9,clinic,import,known HTML staff/inline page with usable confidence,low,,medicine
soroka-medicine-division,מחלקת עור ומין,https://hospitals.clalit.co.il/soroka/he/med-units/medicine-division/Pages/dermatology.aspx,https://hospitals.clalit.co.il/soroka/he/med-units/medicine-division/Pages/dermatology.aspx,inlineStaffPage,0.9,coreDepartment,import,known HTML staff/inline page with usable confidence,low,,medicine
soroka-medicine-division,מרפאת סוכרת,https://hospitals.clalit.co.il/soroka/he/med-units/medicine-division/Pages/diabetesclinic.aspx,https://hospitals.clalit.co.il/soroka/he/med-units/medicine-division/Pages/diabetesclinic.aspx,inlineStaffPage,0.9,clinic,import,known HTML staff/inline page with usable confidence,low,,medicine
soroka-medicine-division,מרפאה אנדוקרינולוגית,https://hospitals.clalit.co.il/soroka/he/med-units/medicine-division/Pages/endoclinic.aspx,https://hospitals.clalit.co.il/soroka/he/med-units/medicine-division/Pages/endoclinic.aspx,inlineStaffPage,0.9,clinic,import,known HTML staff/inline page with usable confidence,low,,medicine
soroka-medicine-division,מכון גסטרואנטרולוגיה,https://hospitals.clalit.co.il/soroka/he/med-units/medicine-division/Pages/gastro-institute.aspx,https://hospitals.clalit.co.il/soroka/he/med-units/medicine-division/Pages/gastro-institute.aspx,inlineStaffPage,0.9,institute,import,known HTML staff/inline page with usable confidence,low,,medicine
soroka-medicine-division,מחלקה גריאטרית,https://hospitals.clalit.co.il/soroka/he/med-units/medicine-division/Pages/geriatrics.aspx,https://hospitals.clalit.co.il/soroka/he/med-units/medicine-division/Pages/geriatrics.aspx,inlineStaffPage,0.9,coreDepartment,import,known HTML staff/inline page with usable confidence,low,,medicine
soroka-medicine-division,מרפאה לאימונולוגיה,https://hospitals.clalit.co.il/soroka/he/med-units/medicine-division/Pages/immunology-clinic.aspx,https://hospitals.clalit.co.il/soroka/he/med-units/medicine-division/Pages/immunology-clinic.aspx,inlineStaffPage,0.9,clinic,import,known HTML staff/inline page with usable confidence,low,,medicine
soroka-medicine-division,המכון למחלות זיהומיות,https://hospitals.clalit.co.il/soroka/he/med-units/medicine-division/Pages/infectdiseasinst.aspx,https://hospitals.clalit.co.il/soroka/he/med-units/medicine-division/Pages/infectdiseasinst.aspx,inlineStaffPage,0.9,institute,import,known HTML staff/inline page with usable confidence,low,,medicine
soroka-medicine-division,מחלקה פנימית א',https://hospitals.clalit.co.il/soroka/he/med-units/medicine-division/Pages/med-a.aspx,https://hospitals.clalit.co.il/soroka/he/med-units/medicine-division/Pages/med-a.aspx,inlineStaffPage,0.9,coreDepartment,import,known HTML staff/inline page with usable confidence,low,,medicine
soroka-medicine-division,מחלקה פנימית ב',https://hospitals.clalit.co.il/soroka/he/med-units/medicine-division/Pages/med-b.aspx,https://hospitals.clalit.co.il/soroka/he/med-units/medicine-division/Pages/med-b.aspx,inlineStaffPage,0.9,coreDepartment,import,known HTML staff/inline page with usable confidence,low,,medicine
soroka-medicine-division,מחלקה פנימית ג',https://hospitals.clalit.co.il/soroka/he/med-units/medicine-division/Pages/med-c.aspx,https://hospitals.clalit.co.il/soroka/he/med-units/medicine-division/Pages/med-c.aspx,inlineStaffPage,0.9,coreDepartment,import,known HTML staff/inline page with usable confidence,low,,medicine
soroka-medicine-division,מחלקה פנימית ד',https://hospitals.clalit.co.il/soroka/he/med-units/medicine-division/Pages/med-d.aspx,https://hospitals.clalit.co.il/soroka/he/med-units/medicine-division/Pages/med-d.aspx,inlineStaffPage,0.9,coreDepartment,import,known HTML staff/inline page with usable confidence,low,,medicine
soroka-medicine-division,אשפוז-יום פנימי,https://hospitals.clalit.co.il/soroka/he/med-units/medicine-division/Pages/med-day-care.aspx,https://hospitals.clalit.co.il/soroka/he/med-units/medicine-division/Pages/med-day-care.aspx,inlineStaffPage,0.9,unknown,review,page type could not be classified,medium,,medicine
soroka-medicine-division,מחלקה פנימית ה',https://hospitals.clalit.co.il/soroka/he/med-units/medicine-division/Pages/med-e.aspx,https://hospitals.clalit.co.il/soroka/he/med-units/medicine-division/Pages/med-e.aspx,inlineStaffPage,0.9,coreDepartment,import,known HTML staff/inline page with usable confidence,low,,medicine
soroka-medicine-division,מחלקה פנימית ו',https://hospitals.clalit.co.il/soroka/he/med-units/medicine-division/Pages/med-f.aspx,https://hospitals.clalit.co.il/soroka/he/med-units/medicine-division/Pages/med-f.aspx,inlineStaffPage,0.9,coreDepartment,import,known HTML staff/inline page with usable confidence,low,,medicine
soroka-medicine-division,מחלקה פנימית ח',https://hospitals.clalit.co.il/soroka/he/med-units/medicine-division/Pages/med-h.aspx,https://hospitals.clalit.co.il/soroka/he/med-units/medicine-division/Pages/med-h.aspx,inlineStaffPage,0.9,coreDepartment,import,known HTML staff/inline page with usable confidence,low,,medicine
soroka-medicine-division,היחידה לטיפול-נמרץ פנימי,https://hospitals.clalit.co.il/soroka/he/med-units/medicine-division/Pages/micu.aspx,https://hospitals.clalit.co.il/soroka/he/med-units/medicine-division/Pages/micu.aspx,inlineStaffPage,0.9,unit,import,known HTML staff/inline page with usable confidence,low,,medicine
soroka-medicine-division,מרפאה נוירולוגית - מרפאת הפרעות בתנועה,https://hospitals.clalit.co.il/soroka/he/med-units/medicine-division/Pages/movement-dis-clinic.aspx,https://hospitals.clalit.co.il/soroka/he/med-units/medicine-division/Pages/movement-dis-clinic.aspx,inlineStaffPage,0.9,clinic,import,known HTML staff/inline page with usable confidence,low,,medicine
soroka-medicine-division,מרפאה נפרולוגית,https://hospitals.clalit.co.il/soroka/he/med-units/medicine-division/Pages/nephroclinic.aspx,https://hospitals.clalit.co.il/soroka/he/med-units/medicine-division/Pages/nephroclinic.aspx,inlineStaffPage,0.9,clinic,import,known HTML staff/inline page with usable confidence,low,,medicine
soroka-medicine-division,מחלקת נפרולוגיה ויתר לחץ דם,https://hospitals.clalit.co.il/soroka/he/med-units/medicine-division/Pages/nephrology.aspx,https://hospitals.clalit.co.il/soroka/he/med-units/medicine-division/Pages/nephrology.aspx,inlineStaffPage,0.9,coreDepartment,import,known HTML staff/inline page with usable confidence,low,,medicine
soroka-medicine-division,מרפאה נוירולוגית,https://hospitals.clalit.co.il/soroka/he/med-units/medicine-division/Pages/neuroclinic.aspx,https://hospitals.clalit.co.il/soroka/he/med-units/medicine-division/Pages/neuroclinic.aspx,inlineStaffPage,0.9,clinic,import,known HTML staff/inline page with usable confidence,low,,medicine
soroka-medicine-division,צנתור מוח - בדיקת אנגיוגרפיה מוחית אבחנתית,https://hospitals.clalit.co.il/soroka/he/med-units/medicine-division/Pages/neurology-angiography.aspx,https://hospitals.clalit.co.il/soroka/he/med-units/medicine-division/Pages/neurology-angiography.aspx,inlineStaffPage,0.9,unknown,review,duplicate/near-duplicate group title-d64435a8; page type could not be classified,high,title-d64435a8,medicine
soroka-medicine-division,מרפאה נוירולוגית - מרפאת כאבי ראש,https://hospitals.clalit.co.il/soroka/he/med-units/medicine-division/Pages/neurology-headache.aspx,https://hospitals.clalit.co.il/soroka/he/med-units/medicine-division/Pages/neurology-headache.aspx,inlineStaffPage,0.9,clinic,import,known HTML staff/inline page with usable confidence,low,,medicine
soroka-medicine-division,מחלקה נוירולוגית,https://hospitals.clalit.co.il/soroka/he/med-units/medicine-division/Pages/neurology.aspx,https://hospitals.clalit.co.il/soroka/he/med-units/medicine-division/Pages/neurology.aspx,inlineStaffPage,0.9,coreDepartment,import,known HTML staff/inline page with usable confidence,low,,medicine
soroka-medicine-division,מכון לרפואת ריאות,https://hospitals.clalit.co.il/soroka/he/med-units/medicine-division/Pages/pulmonology.aspx,https://hospitals.clalit.co.il/soroka/he/med-units/medicine-division/Pages/pulmonology.aspx,inlineStaffPage,0.9,institute,import,known HTML staff/inline page with usable confidence,low,,medicine
soroka-medicine-division,מרפאה ראומטולוגית,https://hospitals.clalit.co.il/soroka/he/med-units/medicine-division/Pages/rheumatoclinic.aspx,https://hospitals.clalit.co.il/soroka/he/med-units/medicine-division/Pages/rheumatoclinic.aspx,inlineStaffPage,0.9,clinic,import,known HTML staff/inline page with usable confidence,low,,medicine
soroka-ob-gyn-division,חדר לידה,https://hospitals.clalit.co.il/soroka/he/med-units/ob-gyn-division/Pages/delivery-rooms.aspx,https://hospitals.clalit.co.il/soroka/he/med-units/ob-gyn-division/Pages/delivery-rooms.aspx,inlineStaffPage,0.9,unknown,review,page type could not be classified,medium,,ob-gyn
soroka-ob-gyn-division,מחלקת נשים א',https://hospitals.clalit.co.il/soroka/he/med-units/ob-gyn-division/Pages/gyn-a.aspx,https://hospitals.clalit.co.il/soroka/he/med-units/ob-gyn-division/Pages/gyn-a.aspx,inlineStaffPage,0.9,coreDepartment,import,known HTML staff/inline page with usable confidence,low,,ob-gyn
soroka-ob-gyn-division,מחלקת נשים ב',https://hospitals.clalit.co.il/soroka/he/med-units/ob-gyn-division/Pages/gyn-b.aspx,https://hospitals.clalit.co.il/soroka/he/med-units/ob-gyn-division/Pages/gyn-b.aspx,inlineStaffPage,0.9,coreDepartment,import,known HTML staff/inline page with usable confidence,low,,ob-gyn
soroka-ob-gyn-division,מרפאות החוץ למיילדות וגינקולוגיה,https://hospitals.clalit.co.il/soroka/he/med-units/ob-gyn-division/Pages/gyn-clin.aspx,https://hospitals.clalit.co.il/soroka/he/med-units/ob-gyn-division/Pages/gyn-clin.aspx,inlineStaffPage,0.9,clinic,import,known HTML staff/inline page with usable confidence,low,,ob-gyn
soroka-ob-gyn-division,אשפוז-יום נשים,https://hospitals.clalit.co.il/soroka/he/med-units/ob-gyn-division/Pages/gyn-day-care.aspx,https://hospitals.clalit.co.il/soroka/he/med-units/ob-gyn-division/Pages/gyn-day-care.aspx,inlineStaffPage,0.9,unknown,review,page type could not be classified,medium,,ob-gyn
soroka-ob-gyn-division,היחידה לגינקולוגיה אונקולוגית,https://hospitals.clalit.co.il/soroka/he/med-units/ob-gyn-division/Pages/gyn-oncolog.aspx,https://hospitals.clalit.co.il/soroka/he/med-units/ob-gyn-division/Pages/gyn-oncolog.aspx,inlineStaffPage,0.9,unit,import,known HTML staff/inline page with usable confidence,low,,ob-gyn
soroka-ob-gyn-division,מרפאת הריון בסיכון גבוה - HRP,https://hospitals.clalit.co.il/soroka/he/med-units/ob-gyn-division/Pages/high-risk-pregnancy.aspx,https://hospitals.clalit.co.il/soroka/he/med-units/ob-gyn-division/Pages/high-risk-pregnancy.aspx,inlineStaffPage,0.9,clinic,import,known HTML staff/inline page with usable confidence,low,,ob-gyn
soroka-ob-gyn-division,היחידה לפוריות והפריה חוץ-גופית,https://hospitals.clalit.co.il/soroka/he/med-units/ob-gyn-division/Pages/ivf.aspx,https://hospitals.clalit.co.il/soroka/he/med-units/ob-gyn-division/Pages/ivf.aspx,inlineStaffPage,0.9,unit,import,known HTML staff/inline page with usable confidence,low,,ob-gyn
soroka-ob-gyn-division,המכון לאולטרה-סאונד גינקולוגי ומיילדותי,https://hospitals.clalit.co.il/soroka/he/med-units/ob-gyn-division/Pages/ob-gyn-us-unit.aspx,https://hospitals.clalit.co.il/soroka/he/med-units/ob-gyn-division/Pages/ob-gyn-us-unit.aspx,inlineStaffPage,0.9,institute,import,known HTML staff/inline page with usable confidence,low,,ob-gyn
soroka-ob-gyn-division,מחלקת יולדות א',https://hospitals.clalit.co.il/soroka/he/med-units/ob-gyn-division/Pages/obstetrics-a.aspx,https://hospitals.clalit.co.il/soroka/he/med-units/ob-gyn-division/Pages/obstetrics-a.aspx,inlineStaffPage,0.9,coreDepartment,import,known HTML staff/inline page with usable confidence,low,,ob-gyn
soroka-ob-gyn-division,מחלקת יולדות ב',https://hospitals.clalit.co.il/soroka/he/med-units/ob-gyn-division/Pages/obstetrics-b.aspx,https://hospitals.clalit.co.il/soroka/he/med-units/ob-gyn-division/Pages/obstetrics-b.aspx,inlineStaffPage,0.9,coreDepartment,import,known HTML staff/inline page with usable confidence,low,,ob-gyn
soroka-ob-gyn-division,מחלקת יולדות ג',https://hospitals.clalit.co.il/soroka/he/med-units/ob-gyn-division/Pages/obstetrics-c.aspx,https://hospitals.clalit.co.il/soroka/he/med-units/ob-gyn-division/Pages/obstetrics-c.aspx,inlineStaffPage,0.9,coreDepartment,import,known HTML staff/inline page with usable confidence,low,,ob-gyn
soroka-ob-gyn-division,מחלקת יולדות ד',https://hospitals.clalit.co.il/soroka/he/med-units/ob-gyn-division/Pages/obstetrics-d.aspx,https://hospitals.clalit.co.il/soroka/he/med-units/ob-gyn-division/Pages/obstetrics-d.aspx,inlineStaffPage,0.9,coreDepartment,import,known HTML staff/inline page with usable confidence,low,,ob-gyn
soroka-ob-gyn-division,מיון יולדות וחדר לידה,https://hospitals.clalit.co.il/soroka/he/med-units/ob-gyn-division/Pages/obstetrics-ed.aspx,https://hospitals.clalit.co.il/soroka/he/med-units/ob-gyn-division/Pages/obstetrics-ed.aspx,inlineStaffPage,0.9,unknown,review,page type could not be classified,medium,,ob-gyn
soroka-ob-gyn-division,"מחלקת יולדות ה' - מחלקת ""אפס הפרדה""",https://hospitals.clalit.co.il/soroka/he/med-units/ob-gyn-division/Pages/obstetrics-he.aspx,https://hospitals.clalit.co.il/soroka/he/med-units/ob-gyn-division/Pages/obstetrics-he.aspx,inlineStaffPage,0.9,coreDepartment,import,known HTML staff/inline page with usable confidence,low,,ob-gyn
soroka-ob-gyn-division,מרפאה לאיבודי הריון חוזרים (הפלות חוזרות),https://hospitals.clalit.co.il/soroka/he/med-units/ob-gyn-division/Pages/rec-preg-loss-clinic.aspx,https://hospitals.clalit.co.il/soroka/he/med-units/ob-gyn-division/Pages/rec-preg-loss-clinic.aspx,inlineStaffPage,0.9,clinic,import,known HTML staff/inline page with usable confidence,low,,ob-gyn
soroka-oncology-inst,מרפאת המטולוגיה וקרישה,https://hospitals.clalit.co.il/soroka/he/med-units/oncology-inst/Pages/coag-hema-clin.aspx,https://hospitals.clalit.co.il/soroka/he/med-units/oncology-inst/Pages/coag-hema-clin.aspx,inlineStaffPage,0.9,clinic,review,duplicate/near-duplicate group title-c6a8a439,high,title-c6a8a439,oncology
soroka-oncology-inst,מחלקה המטולוגית,https://hospitals.clalit.co.il/soroka/he/med-units/oncology-inst/Pages/hametology.aspx,https://hospitals.clalit.co.il/soroka/he/med-units/oncology-inst/Pages/hametology.aspx,inlineStaffPage,0.9,coreDepartment,import,known HTML staff/inline page with usable confidence,low,,oncology
soroka-oncology-inst,אשפוז-יום המטולוגי,https://hospitals.clalit.co.il/soroka/he/med-units/oncology-inst/Pages/hema-day-care.aspx,https://hospitals.clalit.co.il/soroka/he/med-units/oncology-inst/Pages/hema-day-care.aspx,inlineStaffPage,0.9,unknown,review,page type could not be classified,medium,,oncology
soroka-oncology-inst,מרפאה המטואונקולוגית,https://hospitals.clalit.co.il/soroka/he/med-units/oncology-inst/Pages/hemato-onco-clin.aspx,https://hospitals.clalit.co.il/soroka/he/med-units/oncology-inst/Pages/hemato-onco-clin.aspx,inlineStaffPage,0.9,clinic,import,known HTML staff/inline page with usable confidence,low,,oncology
soroka-oncology-inst,אשפוז יום אונקולוגי,https://hospitals.clalit.co.il/soroka/he/med-units/oncology-inst/Pages/onco-day-care1.aspx,https://hospitals.clalit.co.il/soroka/he/med-units/oncology-inst/Pages/onco-day-care1.aspx,inlineStaffPage,0.9,unknown,review,page type could not be classified,medium,,oncology
soroka-oncology-inst,יחידת קרינה,https://hospitals.clalit.co.il/soroka/he/med-units/oncology-inst/Pages/onco-radiation.aspx,https://hospitals.clalit.co.il/soroka/he/med-units/oncology-inst/Pages/onco-radiation.aspx,inlineStaffPage,0.9,unknown,review,page type could not be classified,medium,,oncology
soroka-oncology-inst,מחלקה אונקולוגית - מחלקת אשפוז,https://hospitals.clalit.co.il/soroka/he/med-units/oncology-inst/Pages/oncology-ward.aspx,https://hospitals.clalit.co.il/soroka/he/med-units/oncology-inst/Pages/oncology-ward.aspx,inlineStaffPage,0.9,coreDepartment,import,known HTML staff/inline page with usable confidence,low,,oncology
soroka-ophthalmology,מרפאת קרנית,https://hospitals.clalit.co.il/soroka/he/med-units/Ophthalmology/Pages/cornea-clinic.aspx,https://hospitals.clalit.co.il/soroka/he/med-units/Ophthalmology/Pages/cornea-clinic.aspx,inlineStaffPage,0.9,clinic,import,known HTML staff/inline page with usable confidence,low,,ophthalmology
soroka-ophthalmology,מרפאת גלאוקומה,https://hospitals.clalit.co.il/soroka/he/med-units/Ophthalmology/Pages/glaucoma-clinic.aspx,https://hospitals.clalit.co.il/soroka/he/med-units/Ophthalmology/Pages/glaucoma-clinic.aspx,inlineStaffPage,0.9,clinic,import,known HTML staff/inline page with usable confidence,low,,ophthalmology
soroka-ophthalmology,מרפאת לייזר עיניים,https://hospitals.clalit.co.il/soroka/he/med-units/Ophthalmology/Pages/laser-eye-clinic.aspx,https://hospitals.clalit.co.il/soroka/he/med-units/Ophthalmology/Pages/laser-eye-clinic.aspx,inlineStaffPage,0.9,clinic,import,known HTML staff/inline page with usable confidence,low,,ophthalmology
soroka-ophthalmology,מרפאת נוירו-אופתלמולוגיה,https://hospitals.clalit.co.il/soroka/he/med-units/Ophthalmology/Pages/neuro-ophthalmology-clinic.aspx,https://hospitals.clalit.co.il/soroka/he/med-units/Ophthalmology/Pages/neuro-ophthalmology-clinic.aspx,inlineStaffPage,0.9,clinic,import,known HTML staff/inline page with usable confidence,low,,ophthalmology
soroka-ophthalmology,מרפאת אוקולופלסטיקה,https://hospitals.clalit.co.il/soroka/he/med-units/Ophthalmology/Pages/oculoplasty-clinic.aspx,https://hospitals.clalit.co.il/soroka/he/med-units/Ophthalmology/Pages/oculoplasty-clinic.aspx,inlineStaffPage,0.9,clinic,import,known HTML staff/inline page with usable confidence,low,,ophthalmology
soroka-ophthalmology,מחלקת עיניים,https://hospitals.clalit.co.il/soroka/he/med-units/Ophthalmology/Pages/ophthalmology.aspx,https://hospitals.clalit.co.il/soroka/he/med-units/Ophthalmology/Pages/ophthalmology.aspx,inlineStaffPage,0.9,coreDepartment,review,duplicate/near-duplicate group title-1162abcf,high,title-1162abcf,ophthalmology
soroka-ophthalmology,מרפאת ילדים ופזילה,https://hospitals.clalit.co.il/soroka/he/med-units/Ophthalmology/Pages/pediatric-eye-clinic.aspx,https://hospitals.clalit.co.il/soroka/he/med-units/Ophthalmology/Pages/pediatric-eye-clinic.aspx,inlineStaffPage,0.9,clinic,import,known HTML staff/inline page with usable confidence,low,,ophthalmology
soroka-ophthalmology,יחידת רשתית,https://hospitals.clalit.co.il/soroka/he/med-units/Ophthalmology/Pages/retinal-clinic.aspx,https://hospitals.clalit.co.il/soroka/he/med-units/Ophthalmology/Pages/retinal-clinic.aspx,inlineStaffPage,0.9,clinic,import,known HTML staff/inline page with usable confidence,low,,ophthalmology
soroka-ophthalmology,מרפאת אובאיטיס,https://hospitals.clalit.co.il/soroka/he/med-units/Ophthalmology/Pages/uveitis-clinic.aspx,https://hospitals.clalit.co.il/soroka/he/med-units/Ophthalmology/Pages/uveitis-clinic.aspx,inlineStaffPage,0.9,clinic,import,known HTML staff/inline page with usable confidence,low,,ophthalmology
soroka-bloodbank,מכון בנק הדם ושירותי אפרזיס,https://hospitals.clalit.co.il/soroka/he/med-units/Pages/BloodBank.aspx,https://hospitals.clalit.co.il/soroka/he/med-units/Pages/BloodBank.aspx,inlineStaffPage,0.9,service,review,service pages may be small or non-core,medium,,
soroka-er,"מלר""ד (מיון כללי)",https://hospitals.clalit.co.il/soroka/he/med-units/Pages/er.aspx,https://hospitals.clalit.co.il/soroka/he/med-units/Pages/er.aspx,inlineStaffPage,0.9,unknown,review,page type could not be classified,medium,,
soroka-genetic-inst,מכון לגנטיקה של האדם,https://hospitals.clalit.co.il/soroka/he/med-units/Pages/genetic-inst.aspx,https://hospitals.clalit.co.il/soroka/he/med-units/Pages/genetic-inst.aspx,inlineStaffPage,0.9,institute,import,known HTML staff/inline page with usable confidence,low,,
soroka-infect-prevent,מניעת זיהומים,https://hospitals.clalit.co.il/soroka/he/med-units/Pages/infect-prevent.aspx,https://hospitals.clalit.co.il/soroka/he/med-units/Pages/infect-prevent.aspx,inlineStaffPage,0.9,unknown,review,page type could not be classified,medium,,
soroka-isotop-inst,מכון לרפואה גרעינית ודימות מולקולרי (איזוטופים),https://hospitals.clalit.co.il/soroka/he/med-units/Pages/isotop-inst.aspx,https://hospitals.clalit.co.il/soroka/he/med-units/Pages/isotop-inst.aspx,inlineStaffPage,0.9,institute,import,known HTML staff/inline page with usable confidence,low,,
soroka-isotop-pet-ct,מכון לרפואה גרעינית - מיפוי PET-CT,https://hospitals.clalit.co.il/soroka/he/med-units/Pages/isotop-pet-ct.aspx,https://hospitals.clalit.co.il/soroka/he/med-units/Pages/isotop-pet-ct.aspx,inlineStaffPage,0.9,institute,import,known HTML staff/inline page with usable confidence,low,,
soroka-neurology-angiography,צנתור מוח - בדיקת אנגיוגרפיה מוחית אבחנתית,https://hospitals.clalit.co.il/soroka/he/med-units/Pages/neurology-angiography.aspx,https://hospitals.clalit.co.il/soroka/he/med-units/Pages/neurology-angiography.aspx,inlineStaffPage,0.9,unknown,review,duplicate/near-duplicate group title-d64435a8; page type could not be classified,high,title-d64435a8,
soroka-pathology,המכון לפתולוגיה,https://hospitals.clalit.co.il/soroka/he/med-units/Pages/pathology.aspx,https://hospitals.clalit.co.il/soroka/he/med-units/Pages/pathology.aspx,inlineStaffPage,0.9,institute,import,known HTML staff/inline page with usable confidence,low,,
soroka-rehabilitation,מחלקת שיקום,https://hospitals.clalit.co.il/soroka/he/med-units/Pages/rehabilitation.aspx,https://hospitals.clalit.co.il/soroka/he/med-units/Pages/rehabilitation.aspx,inlineStaffPage,0.9,coreDepartment,import,known HTML staff/inline page with usable confidence,low,,
soroka-sleep-lab,יחידה לחקר ולאבחון הפרעות שינה (מעבדת שינה),https://hospitals.clalit.co.il/soroka/he/med-units/Pages/sleep--lab.aspx,https://hospitals.clalit.co.il/soroka/he/med-units/Pages/sleep--lab.aspx,inlineStaffPage,0.9,lab,review,lab pages may be small or non-core,medium,,
soroka-surgery-rooms,מערך חדרי ניתוח,https://hospitals.clalit.co.il/soroka/he/med-units/Pages/surgery-rooms.aspx,https://hospitals.clalit.co.il/soroka/he/med-units/Pages/surgery-rooms.aspx,inlineStaffPage,0.9,coreDepartment,import,known HTML staff/inline page with usable confidence,low,,
soroka-pediatrics-division,מרפאת עור ילדים,https://hospitals.clalit.co.il/soroka/he/med-units/pediatrics-division/Pages/child-dermato-clinic.aspx,https://hospitals.clalit.co.il/soroka/he/med-units/pediatrics-division/Pages/child-dermato-clinic.aspx,inlineStaffPage,0.9,clinic,import,known HTML staff/inline page with usable confidence,low,,pediatrics
soroka-pediatrics-division,מחלקת פגים ויילודים,https://hospitals.clalit.co.il/soroka/he/med-units/pediatrics-division/Pages/neonatology.aspx,https://hospitals.clalit.co.il/soroka/he/med-units/pediatrics-division/Pages/neonatology.aspx,inlineStaffPage,0.9,coreDepartment,import,known HTML staff/inline page with usable confidence,low,,pediatrics
soroka-pediatrics-division,מרפאה לאלרגיה בילדים,https://hospitals.clalit.co.il/soroka/he/med-units/pediatrics-division/Pages/ped-allergy-clinic.aspx,https://hospitals.clalit.co.il/soroka/he/med-units/pediatrics-division/Pages/ped-allergy-clinic.aspx,inlineStaffPage,0.9,clinic,import,known HTML staff/inline page with usable confidence,low,,pediatrics
soroka-pediatrics-division,יחידת ברונכוסקופיה גמישה בילדים,https://hospitals.clalit.co.il/soroka/he/med-units/pediatrics-division/Pages/ped-broncho-center.aspx,https://hospitals.clalit.co.il/soroka/he/med-units/pediatrics-division/Pages/ped-broncho-center.aspx,inlineStaffPage,0.9,institute,import,known HTML staff/inline page with usable confidence,low,,pediatrics
soroka-pediatrics-division,אשפוז-יום ילדים,https://hospitals.clalit.co.il/soroka/he/med-units/pediatrics-division/Pages/ped-day-care.aspx,https://hospitals.clalit.co.il/soroka/he/med-units/pediatrics-division/Pages/ped-day-care.aspx,inlineStaffPage,0.9,unknown,review,page type could not be classified,medium,,pediatrics
soroka-pediatrics-division,"מלר""ד ילדים (מיון ילדים)",https://hospitals.clalit.co.il/soroka/he/med-units/pediatrics-division/Pages/ped-ed.aspx,https://hospitals.clalit.co.il/soroka/he/med-units/pediatrics-division/Pages/ped-ed.aspx,inlineStaffPage,0.9,unknown,review,page type could not be classified,medium,,pediatrics
soroka-pediatrics-division,מרפאת סוכרת ואנדוקרינולוגית ילדים,https://hospitals.clalit.co.il/soroka/he/med-units/pediatrics-division/Pages/ped-endo-diabet-clinic.aspx,https://hospitals.clalit.co.il/soroka/he/med-units/pediatrics-division/Pages/ped-endo-diabet-clinic.aspx,inlineStaffPage,0.9,clinic,import,known HTML staff/inline page with usable confidence,low,,pediatrics
soroka-pediatrics-division,מרפאת גסטרואנטרולוגיה של הילד,https://hospitals.clalit.co.il/soroka/he/med-units/pediatrics-division/Pages/ped-endoscopy-center.aspx,https://hospitals.clalit.co.il/soroka/he/med-units/pediatrics-division/Pages/ped-endoscopy-center.aspx,inlineStaffPage,0.9,clinic,import,known HTML staff/inline page with usable confidence,low,,pediatrics
soroka-pediatrics-division,מחלקת המטואונקולוגיית ילדים - אשפוז ואשפוז-יום,https://hospitals.clalit.co.il/soroka/he/med-units/pediatrics-division/Pages/ped-hemato-onco-div.aspx,https://hospitals.clalit.co.il/soroka/he/med-units/pediatrics-division/Pages/ped-hemato-onco-div.aspx,inlineStaffPage,0.9,coreDepartment,review,duplicate/near-duplicate group title-d503caf4,high,title-d503caf4,pediatrics
soroka-pediatrics-division,מרפאה למחלות זיהומיות בילדים,https://hospitals.clalit.co.il/soroka/he/med-units/pediatrics-division/Pages/ped-infections-cinic.aspx,https://hospitals.clalit.co.il/soroka/he/med-units/pediatrics-division/Pages/ped-infections-cinic.aspx,inlineStaffPage,0.9,clinic,import,known HTML staff/inline page with usable confidence,low,,pediatrics
soroka-pediatrics-division,היחידה למחלות זיהומיות בילדים,https://hospitals.clalit.co.il/soroka/he/med-units/pediatrics-division/Pages/ped-infections.aspx,https://hospitals.clalit.co.il/soroka/he/med-units/pediatrics-division/Pages/ped-infections.aspx,inlineStaffPage,0.9,unit,import,known HTML staff/inline page with usable confidence,low,,pediatrics
soroka-pediatrics-division,מרפאה למחלות מטבוליות של ילדים,https://hospitals.clalit.co.il/soroka/he/med-units/pediatrics-division/Pages/ped-metabolic.aspx,https://hospitals.clalit.co.il/soroka/he/med-units/pediatrics-division/Pages/ped-metabolic.aspx,inlineStaffPage,0.9,clinic,import,known HTML staff/inline page with usable confidence,low,,pediatrics
soroka-pediatrics-division,מרפאה לנפרולוגיה של ילדים,https://hospitals.clalit.co.il/soroka/he/med-units/pediatrics-division/Pages/ped-nephro-clinic.aspx,https://hospitals.clalit.co.il/soroka/he/med-units/pediatrics-division/Pages/ped-nephro-clinic.aspx,inlineStaffPage,0.9,clinic,import,known HTML staff/inline page with usable confidence,low,,pediatrics
soroka-pediatrics-division,היחידה לנוירולוגיה של ילדים,https://hospitals.clalit.co.il/soroka/he/med-units/pediatrics-division/Pages/ped-neuro-clinic.aspx,https://hospitals.clalit.co.il/soroka/he/med-units/pediatrics-division/Pages/ped-neuro-clinic.aspx,inlineStaffPage,0.9,clinic,import,known HTML staff/inline page with usable confidence,low,,pediatrics
soroka-pediatrics-division,מרפאה ראומטולוגית ילדים,https://hospitals.clalit.co.il/soroka/he/med-units/pediatrics-division/Pages/ped-rheumato-clinic.aspx,https://hospitals.clalit.co.il/soroka/he/med-units/pediatrics-division/Pages/ped-rheumato-clinic.aspx,inlineStaffPage,0.9,clinic,import,known HTML staff/inline page with usable confidence,low,,pediatrics
soroka-pediatrics-division,מרפאה להפרעות שינה בילדים,https://hospitals.clalit.co.il/soroka/he/med-units/pediatrics-division/Pages/ped-sleep-dis-center.aspx,https://hospitals.clalit.co.il/soroka/he/med-units/pediatrics-division/Pages/ped-sleep-dis-center.aspx,inlineStaffPage,0.9,clinic,import,known HTML staff/inline page with usable confidence,low,,pediatrics
soroka-pediatrics-division,מחלקת ילדים א',https://hospitals.clalit.co.il/soroka/he/med-units/pediatrics-division/Pages/pediatrics-a.aspx,https://hospitals.clalit.co.il/soroka/he/med-units/pediatrics-division/Pages/pediatrics-a.aspx,inlineStaffPage,0.9,coreDepartment,import,known HTML staff/inline page with usable confidence,low,,pediatrics
soroka-pediatrics-division,מחלקת ילדים ב',https://hospitals.clalit.co.il/soroka/he/med-units/pediatrics-division/Pages/pediatrics-b.aspx,https://hospitals.clalit.co.il/soroka/he/med-units/pediatrics-division/Pages/pediatrics-b.aspx,inlineStaffPage,0.9,coreDepartment,import,known HTML staff/inline page with usable confidence,low,,pediatrics
soroka-pediatrics-division,מחלקת ילדים ד',https://hospitals.clalit.co.il/soroka/he/med-units/pediatrics-division/Pages/pediatrics-d.aspx,https://hospitals.clalit.co.il/soroka/he/med-units/pediatrics-division/Pages/pediatrics-d.aspx,inlineStaffPage,0.9,coreDepartment,import,known HTML staff/inline page with usable confidence,low,,pediatrics
soroka-pediatrics-division,מחלקה לכירורגיית ילדים,https://hospitals.clalit.co.il/soroka/he/med-units/pediatrics-division/Pages/pedsurg.aspx,https://hospitals.clalit.co.il/soroka/he/med-units/pediatrics-division/Pages/pedsurg.aspx,inlineStaffPage,0.9,coreDepartment,import,known HTML staff/inline page with usable confidence,low,,pediatrics
soroka-pediatrics-division,היחידה לטיפול-נמרץ ילדים,https://hospitals.clalit.co.il/soroka/he/med-units/pediatrics-division/Pages/picu.aspx,https://hospitals.clalit.co.il/soroka/he/med-units/pediatrics-division/Pages/picu.aspx,inlineStaffPage,0.9,unit,import,known HTML staff/inline page with usable confidence,low,,pediatrics
soroka-pediatrics-division,היחידה לטיפול נמרץ ביילוד ובפג,https://hospitals.clalit.co.il/soroka/he/med-units/pediatrics-division/Pages/premature-treatment.aspx,https://hospitals.clalit.co.il/soroka/he/med-units/pediatrics-division/Pages/premature-treatment.aspx,inlineStaffPage,0.9,unit,import,known HTML staff/inline page with usable confidence,low,,pediatrics
soroka-pediatrics-division,מרפאה למחלות ריאה בילדים,https://hospitals.clalit.co.il/soroka/he/med-units/pediatrics-division/Pages/pulmun-clinic.aspx,https://hospitals.clalit.co.il/soroka/he/med-units/pediatrics-division/Pages/pulmun-clinic.aspx,inlineStaffPage,0.9,clinic,import,known HTML staff/inline page with usable confidence,low,,pediatrics
soroka-psychiatry,היחידה לטיפול-יום פסיכיאטרי,https://hospitals.clalit.co.il/soroka/he/med-units/psychiatry/Pages/psyc-day-care.aspx,https://hospitals.clalit.co.il/soroka/he/med-units/psychiatry/Pages/psyc-day-care.aspx,inlineStaffPage,0.9,unit,import,known HTML staff/inline page with usable confidence,low,,psychiatry
soroka-psychiatry,המחלקה לטיפול בהפרעות אכילה בילדים ונוער,https://hospitals.clalit.co.il/soroka/he/med-units/psychiatry/Pages/psyc-eating-dis.aspx,https://hospitals.clalit.co.il/soroka/he/med-units/psychiatry/Pages/psyc-eating-dis.aspx,inlineStaffPage,0.9,coreDepartment,import,known HTML staff/inline page with usable confidence,low,,psychiatry
soroka-psychiatry,היחידה לפסיכיאטריה לגיל הרך,https://hospitals.clalit.co.il/soroka/he/med-units/psychiatry/Pages/psyc-infancy.aspx,https://hospitals.clalit.co.il/soroka/he/med-units/psychiatry/Pages/psyc-infancy.aspx,inlineStaffPage,0.9,unit,import,known HTML staff/inline page with usable confidence,low,,psychiatry
soroka-psychiatry,מרפאת נוירו-פסיכיאטריה,https://hospitals.clalit.co.il/soroka/he/med-units/psychiatry/Pages/psyc-neuro-psych.aspx,https://hospitals.clalit.co.il/soroka/he/med-units/psychiatry/Pages/psyc-neuro-psych.aspx,inlineStaffPage,0.9,clinic,import,known HTML staff/inline page with usable confidence,low,,psychiatry
soroka-psychiatry,פסיכיאטריה לילדים ונוער,https://hospitals.clalit.co.il/soroka/he/med-units/psychiatry/Pages/psyc-ped.aspx,https://hospitals.clalit.co.il/soroka/he/med-units/psychiatry/Pages/psyc-ped.aspx,inlineStaffPage,0.9,unknown,review,page type could not be classified,medium,,psychiatry
soroka-psychiatry,מרפאת פסיכיאטריה למבוגרים,https://hospitals.clalit.co.il/soroka/he/med-units/psychiatry/Pages/psychiatry-home-page.aspx,https://hospitals.clalit.co.il/soroka/he/med-units/psychiatry/Pages/psychiatry-home-page.aspx,inlineStaffPage,0.9,clinic,import,known HTML staff/inline page with usable confidence,low,,psychiatry
soroka-psychiatry,המרפאה לטיפול ושיקם מיני,https://hospitals.clalit.co.il/soroka/he/med-units/psychiatry/Pages/sexual-therapy-clinic.aspx,https://hospitals.clalit.co.il/soroka/he/med-units/psychiatry/Pages/sexual-therapy-clinic.aspx,inlineStaffPage,0.9,clinic,import,known HTML staff/inline page with usable confidence,low,,psychiatry
soroka-surgery-division,כירורגיה בריאטרית - המרפאה הבריאטרית והוועדה הבריאטרית,https://hospitals.clalit.co.il/soroka/he/med-units/surgery-division/Pages/bariatric-clinic.aspx,https://hospitals.clalit.co.il/soroka/he/med-units/surgery-division/Pages/bariatric-clinic.aspx,inlineStaffPage,0.9,clinic,import,known HTML staff/inline page with usable confidence,low,,surgery
soroka-surgery-division,"מחלקת כירורגיית לב וחזה ע""ש סמי עופר",https://hospitals.clalit.co.il/soroka/he/med-units/surgery-division/Pages/cardiothoracicsurg.aspx,https://hospitals.clalit.co.il/soroka/he/med-units/surgery-division/Pages/cardiothoracicsurg.aspx,inlineStaffPage,0.9,coreDepartment,import,known HTML staff/inline page with usable confidence,low,,surgery
soroka-surgery-division,מכון כלי-דם (דופלקס),https://hospitals.clalit.co.il/soroka/he/med-units/surgery-division/Pages/duplex.aspx,https://hospitals.clalit.co.il/soroka/he/med-units/surgery-division/Pages/duplex.aspx,inlineStaffPage,0.9,institute,import,known HTML staff/inline page with usable confidence,low,,surgery
soroka-surgery-division,היחידה להשתלות כליה,https://hospitals.clalit.co.il/soroka/he/med-units/surgery-division/Pages/kidney-transplant-unit.aspx,https://hospitals.clalit.co.il/soroka/he/med-units/surgery-division/Pages/kidney-transplant-unit.aspx,inlineStaffPage,0.9,unit,import,known HTML staff/inline page with usable confidence,low,,surgery
soroka-surgery-division,מרפאה נוירוכירורגית,https://hospitals.clalit.co.il/soroka/he/med-units/surgery-division/Pages/neurosurg-clinic.aspx,https://hospitals.clalit.co.il/soroka/he/med-units/surgery-division/Pages/neurosurg-clinic.aspx,inlineStaffPage,0.9,clinic,import,known HTML staff/inline page with usable confidence,low,,surgery
soroka-surgery-division,מחלקה נוירוכירורגית,https://hospitals.clalit.co.il/soroka/he/med-units/surgery-division/Pages/neurosurgery.aspx,https://hospitals.clalit.co.il/soroka/he/med-units/surgery-division/Pages/neurosurgery.aspx,inlineStaffPage,0.9,coreDepartment,import,known HTML staff/inline page with usable confidence,low,,surgery
soroka-surgery-division,היחידה לכירורגיית פה ולסת,https://hospitals.clalit.co.il/soroka/he/med-units/surgery-division/Pages/oralsurgclin.aspx,https://hospitals.clalit.co.il/soroka/he/med-units/surgery-division/Pages/oralsurgclin.aspx,inlineStaffPage,0.9,unit,import,known HTML staff/inline page with usable confidence,low,,surgery
soroka-surgery-division,מרפאה אורתופדית,https://hospitals.clalit.co.il/soroka/he/med-units/surgery-division/Pages/ortho-clinic.aspx,https://hospitals.clalit.co.il/soroka/he/med-units/surgery-division/Pages/ortho-clinic.aspx,inlineStaffPage,0.9,clinic,import,known HTML staff/inline page with usable confidence,low,,surgery
soroka-surgery-division,מחלקה אורתופדית א',https://hospitals.clalit.co.il/soroka/he/med-units/surgery-division/Pages/orthopedics-a.aspx,https://hospitals.clalit.co.il/soroka/he/med-units/surgery-division/Pages/orthopedics-a.aspx,inlineStaffPage,0.9,coreDepartment,import,known HTML staff/inline page with usable confidence,low,,surgery
soroka-surgery-division,"מרפאת אף, אוזן וגרון",https://hospitals.clalit.co.il/soroka/he/med-units/surgery-division/Pages/otolaryng-clinic.aspx,https://hospitals.clalit.co.il/soroka/he/med-units/surgery-division/Pages/otolaryng-clinic.aspx,inlineStaffPage,0.9,clinic,import,known HTML staff/inline page with usable confidence,low,,surgery
soroka-surgery-division,"מחלקת כירורגיית אף, אוזן וגרון וראש-צוואר",https://hospitals.clalit.co.il/soroka/he/med-units/surgery-division/Pages/otolaryngology.aspx,https://hospitals.clalit.co.il/soroka/he/med-units/surgery-division/Pages/otolaryngology.aspx,inlineStaffPage,0.9,coreDepartment,import,known HTML staff/inline page with usable confidence,low,,surgery
soroka-surgery-division,מרפאה לכירורגיה פלסטית,https://hospitals.clalit.co.il/soroka/he/med-units/surgery-division/Pages/plastics-clinic.aspx,https://hospitals.clalit.co.il/soroka/he/med-units/surgery-division/Pages/plastics-clinic.aspx,inlineStaffPage,0.9,clinic,import,known HTML staff/inline page with usable confidence,low,,surgery
soroka-surgery-division,מחלקה לכירורגיה פלסטית ומשחזרת,https://hospitals.clalit.co.il/soroka/he/med-units/surgery-division/Pages/plastics.aspx,https://hospitals.clalit.co.il/soroka/he/med-units/surgery-division/Pages/plastics.aspx,inlineStaffPage,0.9,coreDepartment,import,known HTML staff/inline page with usable confidence,low,,surgery
soroka-surgery-division,המרפאה הפרוקטולוגית והיחידה לכירורגיה קולורקטלית ופרוקטולוגיה,https://hospitals.clalit.co.il/soroka/he/med-units/surgery-division/Pages/proctology-clinic.aspx,https://hospitals.clalit.co.il/soroka/he/med-units/surgery-division/Pages/proctology-clinic.aspx,inlineStaffPage,0.9,clinic,import,known HTML staff/inline page with usable confidence,low,,surgery
soroka-surgery-division,מרפאה כירורגית א',https://hospitals.clalit.co.il/soroka/he/med-units/surgery-division/Pages/surg-clinic-a.aspx,https://hospitals.clalit.co.il/soroka/he/med-units/surgery-division/Pages/surg-clinic-a.aspx,inlineStaffPage,0.9,clinic,import,known HTML staff/inline page with usable confidence,low,,surgery
soroka-surgery-division,מרפאה כירורגית ב',https://hospitals.clalit.co.il/soroka/he/med-units/surgery-division/Pages/surg-clinic-b.aspx,https://hospitals.clalit.co.il/soroka/he/med-units/surgery-division/Pages/surg-clinic-b.aspx,inlineStaffPage,0.9,clinic,import,known HTML staff/inline page with usable confidence,low,,surgery
soroka-surgery-division,אשפוז-יום כירורגי,https://hospitals.clalit.co.il/soroka/he/med-units/surgery-division/Pages/surgdaycare.aspx,https://hospitals.clalit.co.il/soroka/he/med-units/surgery-division/Pages/surgdaycare.aspx,inlineStaffPage,0.9,unknown,review,page type could not be classified,medium,,surgery
soroka-surgery-division,מחלקה כירורגית א',https://hospitals.clalit.co.il/soroka/he/med-units/surgery-division/Pages/surgery-a.aspx,https://hospitals.clalit.co.il/soroka/he/med-units/surgery-division/Pages/surgery-a.aspx,inlineStaffPage,0.9,coreDepartment,import,known HTML staff/inline page with usable confidence,low,,surgery
soroka-surgery-division,מחלקה כירורגית ב',https://hospitals.clalit.co.il/soroka/he/med-units/surgery-division/Pages/surgery-b.aspx,https://hospitals.clalit.co.il/soroka/he/med-units/surgery-division/Pages/surgery-b.aspx,inlineStaffPage,0.9,coreDepartment,import,known HTML staff/inline page with usable confidence,low,,surgery
soroka-surgery-division,יחידת טראומה,https://hospitals.clalit.co.il/soroka/he/med-units/surgery-division/Pages/trauma-unit.aspx,https://hospitals.clalit.co.il/soroka/he/med-units/surgery-division/Pages/trauma-unit.aspx,inlineStaffPage,0.9,unit,import,known HTML staff/inline page with usable confidence,low,,surgery
soroka-surgery-division,מרפאה אורולוגית,https://hospitals.clalit.co.il/soroka/he/med-units/surgery-division/Pages/urology-clinic.aspx,https://hospitals.clalit.co.il/soroka/he/med-units/surgery-division/Pages/urology-clinic.aspx,inlineStaffPage,0.9,clinic,import,known HTML staff/inline page with usable confidence,low,,surgery
soroka-surgery-division,מחלקה אורולוגית,https://hospitals.clalit.co.il/soroka/he/med-units/surgery-division/Pages/urology.aspx,https://hospitals.clalit.co.il/soroka/he/med-units/surgery-division/Pages/urology.aspx,inlineStaffPage,0.9,coreDepartment,import,known HTML staff/inline page with usable confidence,low,,surgery
soroka-surgery-division,מחלקה לכירורגיית כלי-דם,https://hospitals.clalit.co.il/soroka/he/med-units/surgery-division/Pages/vasc-surgery.aspx,https://hospitals.clalit.co.il/soroka/he/med-units/surgery-division/Pages/vasc-surgery.aspx,inlineStaffPage,0.9,coreDepartment,review,duplicate/near-duplicate group title-d86d49bc,high,title-d86d49bc,surgery
soroka-surgery-division,מרפאת כלי-דם,https://hospitals.clalit.co.il/soroka/he/med-units/surgery-division/Pages/vascclin.aspx,https://hospitals.clalit.co.il/soroka/he/med-units/surgery-division/Pages/vascclin.aspx,inlineStaffPage,0.9,clinic,import,known HTML staff/inline page with usable confidence,low,,surgery
soroka-surgery-division,מרכז בריאות השד,https://hospitals.clalit.co.il/soroka/he/med-units/surgery-division/Pages/women-health-center.aspx,https://hospitals.clalit.co.il/soroka/he/med-units/surgery-division/Pages/women-health-center.aspx,inlineStaffPage,0.9,institute,import,known HTML staff/inline page with usable confidence,low,,surgery
soroka-ophthalmology,מחלקת עיניים,https://hospitals.clalit.co.il/soroka/he/med-units/Ophthalmology/Pages/eye-staff1.aspx,https://hospitals.clalit.co.il/soroka/he/med-units/Ophthalmology/Pages/ophthalmology.aspx,staffPage,0.85,coreDepartment,review,duplicate/near-duplicate group title-1162abcf; confidence=0.85,high,title-1162abcf,ophthalmology
soroka-staff-students-vaccines,חיסונים לעובדים ולסטודנטים,https://hospitals.clalit.co.il/soroka/he/med-units/Pages/staff-students-vaccines.aspx,https://hospitals.clalit.co.il/soroka/he/med-units/Pages/staff-students-vaccines.aspx,staffPage,0.85,unknown,review,confidence=0.85; page type could not be classified,medium,,
soroka-pediatrics-division,מרפאת המטולוגיית ילדים,https://hospitals.clalit.co.il/soroka/he/med-units/pediatrics-division/Pages/ped-ho-clin.aspx,https://hospitals.clalit.co.il/soroka/he/med-units/pediatrics-division/Pages/ped-ho-clin.aspx,inlineStaffPage,0.8,clinic,review,confidence=0.8; discovery marked needsReview,high,,pediatrics
soroka-cardiology,היחידה לאלקטרופיזיולוגיה וקוצבי לב,https://hospitals.clalit.co.il/soroka/he/med-units/cardiology/Documents/%d7%99%d7%97%d7%99%d7%93%d7%94%20%d7%9c%d7%90%d7%9c%d7%a7%d7%98%d7%a8%d7%95%d7%a4%d7%99%d7%96%d7%99%d7%95%d7%9c%d7%95%d7%92%d7%99%d7%94%20%d7%95%d7%a7%d7%95%d7%a6%d7%91%d7%99%20%d7%9c%d7%91/%d7%90%d7%91%d7%9c%d7%a6%d7%99%d7%94-%d7%a2%d7%91%d7%a8%d7%99%d7%aa.pdf,https://hospitals.clalit.co.il/soroka/he/med-units/cardiology/Pages/card-electro.aspx,unknownStaffPage,0.5,unknown,skip,non-html document URL; not a crawlable staff page; unknownStaffPage requires parser review; duplicate/near-duplicate group title-871dacea; confidence=0.5; page type could not be classified; discovery marked needsReview,high,title-871dacea,cardiology
soroka-cardiology,היחידה לאלקטרופיזיולוגיה וקוצבי לב,https://hospitals.clalit.co.il/soroka/he/med-units/cardiology/Documents/%d7%99%d7%97%d7%99%d7%93%d7%94%20%d7%9c%d7%90%d7%9c%d7%a7%d7%98%d7%a8%d7%95%d7%a4%d7%99%d7%96%d7%99%d7%95%d7%9c%d7%95%d7%92%d7%99%d7%94%20%d7%95%d7%a7%d7%95%d7%a6%d7%91%d7%99%20%d7%9c%d7%91/%d7%90%d7%91%d7%9c%d7%a6%d7%99%d7%94-%d7%a2%d7%a8%d7%91%d7%99%d7%aa.pdf,https://hospitals.clalit.co.il/soroka/he/med-units/cardiology/Pages/card-electro.aspx,unknownStaffPage,0.5,unknown,skip,non-html document URL; not a crawlable staff page; unknownStaffPage requires parser review; duplicate/near-duplicate group title-871dacea; confidence=0.5; page type could not be classified; discovery marked needsReview,high,title-871dacea,cardiology
soroka-cardiology,היחידה לאלקטרופיזיולוגיה וקוצבי לב,https://hospitals.clalit.co.il/soroka/he/med-units/cardiology/Documents/%d7%99%d7%97%d7%99%d7%93%d7%94%20%d7%9c%d7%90%d7%9c%d7%a7%d7%98%d7%a8%d7%95%d7%a4%d7%99%d7%96%d7%99%d7%95%d7%9c%d7%95%d7%92%d7%99%d7%94%20%d7%95%d7%a7%d7%95%d7%a6%d7%91%d7%99%20%d7%9c%d7%91/%d7%90%d7%91%d7%9c%d7%a6%d7%99%d7%94-%d7%a8%d7%95%d7%a1%d7%99%d7%aa.pdf,https://hospitals.clalit.co.il/soroka/he/med-units/cardiology/Pages/card-electro.aspx,unknownStaffPage,0.5,unknown,skip,non-html document URL; not a crawlable staff page; unknownStaffPage requires parser review; duplicate/near-duplicate group title-871dacea; confidence=0.5; page type could not be classified; discovery marked needsReview,high,title-871dacea,cardiology
soroka-cardiology,היחידה לאלקטרופיזיולוגיה וקוצבי לב,https://hospitals.clalit.co.il/soroka/he/med-units/cardiology/Documents/%d7%99%d7%97%d7%99%d7%93%d7%94%20%d7%9c%d7%90%d7%9c%d7%a7%d7%98%d7%a8%d7%95%d7%a4%d7%99%d7%96%d7%99%d7%95%d7%9c%d7%95%d7%92%d7%99%d7%94%20%d7%95%d7%a7%d7%95%d7%a6%d7%91%d7%99%20%d7%9c%d7%91/%d7%a0%d7%99%d7%98%d7%95%d7%a8-%d7%a7%d7%95%d7%a6%d7%91-%d7%9e%d7%a8%d7%97%d7%95%d7%a7-%d7%90%d7%a0.pdf,https://hospitals.clalit.co.il/soroka/he/med-units/cardiology/Pages/card-electro.aspx,unknownStaffPage,0.5,unknown,skip,non-html document URL; not a crawlable staff page; unknownStaffPage requires parser review; duplicate/near-duplicate group title-871dacea; confidence=0.5; page type could not be classified; discovery marked needsReview,high,title-871dacea,cardiology
soroka-cardiology,היחידה לאלקטרופיזיולוגיה וקוצבי לב,https://hospitals.clalit.co.il/soroka/he/med-units/cardiology/Documents/%d7%99%d7%97%d7%99%d7%93%d7%94%20%d7%9c%d7%90%d7%9c%d7%a7%d7%98%d7%a8%d7%95%d7%a4%d7%99%d7%96%d7%99%d7%95%d7%9c%d7%95%d7%92%d7%99%d7%94%20%d7%95%d7%a7%d7%95%d7%a6%d7%91%d7%99%20%d7%9c%d7%91/%d7%a0%d7%99%d7%98%d7%95%d7%a8-%d7%a7%d7%95%d7%a6%d7%91-%d7%9e%d7%a8%d7%97%d7%95%d7%a7-%d7%a2%d7%91.pdf,https://hospitals.clalit.co.il/soroka/he/med-units/cardiology/Pages/card-electro.aspx,unknownStaffPage,0.5,unknown,skip,non-html document URL; not a crawlable staff page; unknownStaffPage requires parser review; duplicate/near-duplicate group title-871dacea; confidence=0.5; page type could not be classified; discovery marked needsReview,high,title-871dacea,cardiology
soroka-cardiology,היחידה לאלקטרופיזיולוגיה וקוצבי לב,https://hospitals.clalit.co.il/soroka/he/med-units/cardiology/Documents/%d7%99%d7%97%d7%99%d7%93%d7%94%20%d7%9c%d7%90%d7%9c%d7%a7%d7%98%d7%a8%d7%95%d7%a4%d7%99%d7%96%d7%99%d7%95%d7%9c%d7%95%d7%92%d7%99%d7%94%20%d7%95%d7%a7%d7%95%d7%a6%d7%91%d7%99%20%d7%9c%d7%91/%d7%a0%d7%99%d7%98%d7%95%d7%a8-%d7%a7%d7%95%d7%a6%d7%91-%d7%9e%d7%a8%d7%97%d7%95%d7%a7-%d7%a2%d7%a8.pdf,https://hospitals.clalit.co.il/soroka/he/med-units/cardiology/Pages/card-electro.aspx,unknownStaffPage,0.5,unknown,skip,non-html document URL; not a crawlable staff page; unknownStaffPage requires parser review; duplicate/near-duplicate group title-871dacea; confidence=0.5; page type could not be classified; discovery marked needsReview,high,title-871dacea,cardiology
soroka-cardiology,היחידה לאלקטרופיזיולוגיה וקוצבי לב,https://hospitals.clalit.co.il/soroka/he/med-units/cardiology/Documents/%d7%99%d7%97%d7%99%d7%93%d7%94%20%d7%9c%d7%90%d7%9c%d7%a7%d7%98%d7%a8%d7%95%d7%a4%d7%99%d7%96%d7%99%d7%95%d7%9c%d7%95%d7%92%d7%99%d7%94%20%d7%95%d7%a7%d7%95%d7%a6%d7%91%d7%99%20%d7%9c%d7%91/%d7%a0%d7%99%d7%98%d7%95%d7%a8-%d7%a7%d7%95%d7%a6%d7%91-%d7%9e%d7%a8%d7%97%d7%95%d7%a7-%d7%a8%d7%95.pdf,https://hospitals.clalit.co.il/soroka/he/med-units/cardiology/Pages/card-electro.aspx,unknownStaffPage,0.5,unknown,skip,non-html document URL; not a crawlable staff page; unknownStaffPage requires parser review; duplicate/near-duplicate group title-871dacea; confidence=0.5; page type could not be classified; discovery marked needsReview,high,title-871dacea,cardiology
soroka-oncology-inst,מרפאת המטולוגיה וקרישה,https://hospitals.clalit.co.il/soroka/he/med-units/oncology-inst/Pages/hematology-institute.aspx,https://hospitals.clalit.co.il/soroka/he/med-units/oncology-inst/Pages/coag-hema-clin.aspx,unknownStaffPage,0.5,clinic,review,unknownStaffPage requires parser review; duplicate/near-duplicate group title-c6a8a439; confidence=0.5; discovery marked needsReview,high,title-c6a8a439,oncology
soroka-pediatrics-division,מחלקת המטואונקולוגיית ילדים - אשפוז ואשפוז-יום,https://hospitals.clalit.co.il/soroka/he/med-units/pediatrics-division/Documents/%d7%94%d7%9e%d7%98%d7%95%d7%90%d7%95%d7%a0%d7%a7%d7%95%d7%9c%d7%95%d7%92%d7%99%d7%99%d7%aa%20%d7%99%d7%9c%d7%93%d7%99%d7%9d/%d7%91%d7%93%d7%99%d7%a7%d7%aa%20LP%20%28%d7%a0%d7%99%d7%a7%d7%95%d7%a8%20%d7%9e%d7%95%d7%aa%d7%a0%d7%99%29%20%d7%95-IT%20%28%d7%94%d7%96%d7%a8%d7%a7%d7%aa%20%d7%aa%d7%a8%d7%95%d7%a4%d7%94%20%d7%9c%d7%97%d7%9c%d7%9c%20%d7%94%d7%a9%d7%93%d7%a8%d7%94%29%20-%20%d7%9e%d7%99%d7%93%d7%a2%20%d7%9c%d7%94%d7%95%d7%a8%d7%99%d7%9d.pdf,https://hospitals.clalit.co.il/soroka/he/med-units/pediatrics-division/Pages/ped-hemato-onco-div.aspx,unknownStaffPage,0.5,unknown,skip,non-html document URL; not a crawlable staff page; unknownStaffPage requires parser review; duplicate/near-duplicate group title-d503caf4; confidence=0.5; page type could not be classified; discovery marked needsReview,high,title-d503caf4,pediatrics
soroka-pediatrics-division,מחלקת המטואונקולוגיית ילדים - אשפוז ואשפוז-יום,https://hospitals.clalit.co.il/soroka/he/med-units/pediatrics-division/Documents/%d7%94%d7%9e%d7%98%d7%95%d7%90%d7%95%d7%a0%d7%a7%d7%95%d7%9c%d7%95%d7%92%d7%99%d7%99%d7%aa%20%d7%99%d7%9c%d7%93%d7%99%d7%9d/%d7%97%d7%95%d7%9d%20%d7%95%d7%a0%d7%95%d7%99%d7%98%d7%a8%d7%95%d7%a4%d7%a0%d7%99%d7%94%20-%20%d7%94%d7%93%d7%a8%d7%9b%d7%94%20%d7%9c%d7%94%d7%95%d7%a8%d7%99%d7%9d%20.pdf,https://hospitals.clalit.co.il/soroka/he/med-units/pediatrics-division/Pages/ped-hemato-onco-div.aspx,unknownStaffPage,0.5,unknown,skip,non-html document URL; not a crawlable staff page; unknownStaffPage requires parser review; duplicate/near-duplicate group title-d503caf4; confidence=0.5; page type could not be classified; discovery marked needsReview,high,title-d503caf4,pediatrics
